User,Timestamp,Compound_Score,Pos_Score,Neu_Score,Neg_Score,Tweets_Ago,Tweet_Text
BBCWorld,Sun Sep 30 06:52:54 +0000 2018,-0.5994,0.0,0.642,0.358,1,Indonesia quake death toll 'at least 832' https://t.co/1VCcXxRrR4
BBCWorld,Sun Sep 30 05:18:22 +0000 2018,-0.2263,0.0,0.808,0.192,2,Jair Bolsonaro: Large protests against Brazil election front-runner https://t.co/qgfMYWdpgE
BBCWorld,Sun Sep 30 04:16:37 +0000 2018,0.0,0.0,1.0,0.0,3,Indonesia tsunami: Rescuers dig through rubble for survivors https://t.co/m7DXh7xLyr
BBCWorld,Sun Sep 30 00:56:22 +0000 2018,-0.6249,0.0,0.631,0.369,4,Racism and stereotypes in colonial India‚Äôs 'Instagram‚Äô https://t.co/9nlhxMc5Vy
BBCWorld,Sun Sep 30 00:52:49 +0000 2018,-0.6369,0.0,0.656,0.344,5,Why Hollywood writer Ubah Mohamed hated her name https://t.co/zhvHnaQZ1o
BBCWorld,Sun Sep 30 00:49:07 +0000 2018,0.0,0.0,1.0,0.0,6,Brazil indigenous group bets on 'golden fruit' https://t.co/1EpTnBeIla
BBCWorld,Sun Sep 30 00:12:47 +0000 2018,0.0,0.0,1.0,0.0,7,Brett Kavanaugh: FBI contacts second woman https://t.co/fI0zi8dx8Q
BBCWorld,Sat Sep 29 23:21:42 +0000 2018,0.0,0.0,1.0,0.0,8,India airports: Has PM Modi built more than others? https://t.co/2ytKfJi1E4
BBCWorld,Sat Sep 29 22:54:42 +0000 2018,0.0,0.0,1.0,0.0,9,"North Korea 'won't disarm if sanctions continue', minister says https://t.co/G30RXWIqug"
BBCWorld,Sat Sep 29 22:39:25 +0000 2018,-0.7184,0.0,0.571,0.429,10,Russian spy poisoning: Woman 'identifies' suspect as Anatoliy Chepiga https://t.co/x0x1s3pqFN
BBCWorld,Sat Sep 29 18:38:49 +0000 2018,-0.7506,0.174,0.316,0.511,11,Danish police free manhunt suspects in death threat case https://t.co/MdvQVtWIUX
BBCWorld,Sat Sep 29 18:15:24 +0000 2018,0.0,0.0,1.0,0.0,12,Turkey's Erdogan opens mosque in German city of Cologne https://t.co/PwqV4taNQZ
BBCWorld,Sat Sep 29 16:25:59 +0000 2018,0.0,0.0,1.0,0.0,13,What will the FBI investigation into Kavanaugh actually do? https://t.co/cgOdPVUEQw
BBCWorld,Sat Sep 29 15:42:15 +0000 2018,-0.6249,0.0,0.661,0.339,14,Indonesia tsunami: Aftershocks rock Palu day after disaster https://t.co/NX1sOtrqel
BBCWorld,Sat Sep 29 15:17:04 +0000 2018,-0.6486,0.0,0.815,0.185,15,"RT @BBCNews: More than half of the world's killer whales could be wiped out by man-made chemicals, scientists say 

https://t.co/qO6tcjJUY6‚Ä¶"
BBCWorld,Sat Sep 29 14:13:33 +0000 2018,-0.4404,0.117,0.583,0.301,16,Egypt sentences activist for 'spreading fake news' https://t.co/7mVqaXNJVR
BBCWorld,Sat Sep 29 11:55:30 +0000 2018,0.0,0.0,1.0,0.0,17,HIV/Aids: China reports 14% surge in new cases https://t.co/quSiJJTfY6
BBCWorld,Sat Sep 29 11:40:46 +0000 2018,0.0,0.0,1.0,0.0,18,"RT @bbcworldservice: The 94-year-old who writes a sex advice column in Mumbai. #MyIndianLife 
üìª https://t.co/ZQ7MwxfCmh"
BBCWorld,Sat Sep 29 10:52:14 +0000 2018,0.0,0.0,1.0,0.0,19,"RT @bbcweather: A rare ""medicane"" (a hurricane-like storm in the Mediterranean) can be seen on these satellite images. This storm will brin‚Ä¶"
BBCWorld,Sat Sep 29 10:43:06 +0000 2018,0.0,0.0,1.0,0.0,20,RT @PhilippaBBC: A reminder for @BBCWorld followers about why so much is at stake with the Brett Kavanaugh confirmation - whatever your pol‚Ä¶
BBCWorld,Sun Sep 30 06:52:54 +0000 2018,-0.5994,0.0,0.642,0.358,21,Indonesia quake death toll 'at least 832' https://t.co/1VCcXxRrR4
BBCWorld,Sun Sep 30 05:18:22 +0000 2018,-0.2263,0.0,0.808,0.192,22,Jair Bolsonaro: Large protests against Brazil election front-runner https://t.co/qgfMYWdpgE
BBCWorld,Sun Sep 30 04:16:37 +0000 2018,0.0,0.0,1.0,0.0,23,Indonesia tsunami: Rescuers dig through rubble for survivors https://t.co/m7DXh7xLyr
BBCWorld,Sun Sep 30 00:56:22 +0000 2018,-0.6249,0.0,0.631,0.369,24,Racism and stereotypes in colonial India‚Äôs 'Instagram‚Äô https://t.co/9nlhxMc5Vy
BBCWorld,Sun Sep 30 00:52:49 +0000 2018,-0.6369,0.0,0.656,0.344,25,Why Hollywood writer Ubah Mohamed hated her name https://t.co/zhvHnaQZ1o
BBCWorld,Sun Sep 30 00:49:07 +0000 2018,0.0,0.0,1.0,0.0,26,Brazil indigenous group bets on 'golden fruit' https://t.co/1EpTnBeIla
BBCWorld,Sun Sep 30 00:12:47 +0000 2018,0.0,0.0,1.0,0.0,27,Brett Kavanaugh: FBI contacts second woman https://t.co/fI0zi8dx8Q
BBCWorld,Sat Sep 29 23:21:42 +0000 2018,0.0,0.0,1.0,0.0,28,India airports: Has PM Modi built more than others? https://t.co/2ytKfJi1E4
BBCWorld,Sat Sep 29 22:54:42 +0000 2018,0.0,0.0,1.0,0.0,29,"North Korea 'won't disarm if sanctions continue', minister says https://t.co/G30RXWIqug"
BBCWorld,Sat Sep 29 22:39:25 +0000 2018,-0.7184,0.0,0.571,0.429,30,Russian spy poisoning: Woman 'identifies' suspect as Anatoliy Chepiga https://t.co/x0x1s3pqFN
BBCWorld,Sat Sep 29 18:38:49 +0000 2018,-0.7506,0.174,0.316,0.511,31,Danish police free manhunt suspects in death threat case https://t.co/MdvQVtWIUX
BBCWorld,Sat Sep 29 18:15:24 +0000 2018,0.0,0.0,1.0,0.0,32,Turkey's Erdogan opens mosque in German city of Cologne https://t.co/PwqV4taNQZ
BBCWorld,Sat Sep 29 16:25:59 +0000 2018,0.0,0.0,1.0,0.0,33,What will the FBI investigation into Kavanaugh actually do? https://t.co/cgOdPVUEQw
BBCWorld,Sat Sep 29 15:42:15 +0000 2018,-0.6249,0.0,0.661,0.339,34,Indonesia tsunami: Aftershocks rock Palu day after disaster https://t.co/NX1sOtrqel
BBCWorld,Sat Sep 29 15:17:04 +0000 2018,-0.6486,0.0,0.815,0.185,35,"RT @BBCNews: More than half of the world's killer whales could be wiped out by man-made chemicals, scientists say 

https://t.co/qO6tcjJUY6‚Ä¶"
BBCWorld,Sat Sep 29 14:13:33 +0000 2018,-0.4404,0.117,0.583,0.301,36,Egypt sentences activist for 'spreading fake news' https://t.co/7mVqaXNJVR
BBCWorld,Sat Sep 29 11:55:30 +0000 2018,0.0,0.0,1.0,0.0,37,HIV/Aids: China reports 14% surge in new cases https://t.co/quSiJJTfY6
BBCWorld,Sat Sep 29 11:40:46 +0000 2018,0.0,0.0,1.0,0.0,38,"RT @bbcworldservice: The 94-year-old who writes a sex advice column in Mumbai. #MyIndianLife 
üìª https://t.co/ZQ7MwxfCmh"
BBCWorld,Sat Sep 29 10:52:14 +0000 2018,0.0,0.0,1.0,0.0,39,"RT @bbcweather: A rare ""medicane"" (a hurricane-like storm in the Mediterranean) can be seen on these satellite images. This storm will brin‚Ä¶"
BBCWorld,Sat Sep 29 10:43:06 +0000 2018,0.0,0.0,1.0,0.0,40,RT @PhilippaBBC: A reminder for @BBCWorld followers about why so much is at stake with the Brett Kavanaugh confirmation - whatever your pol‚Ä¶
BBCWorld,Sat Sep 29 09:20:11 +0000 2018,-0.4215,0.0,0.682,0.318,41,In pictures: Tsunami devastation in Sulawesi https://t.co/Kqe9Z3uJ72
BBCWorld,Sat Sep 29 09:14:52 +0000 2018,-0.8402,0.0,0.655,0.345,42,"The woman who challenged US senator Flake in a lift: ""He had to confront the pain and rage that women feel""
(Tap to‚Ä¶ https://t.co/1hlUOcDdxY"
BBCWorld,Sat Sep 29 08:47:49 +0000 2018,-0.5719,0.0,0.684,0.316,43,Why India is furious about a set of stamps https://t.co/FWpc19RBL9
BBCWorld,Sat Sep 29 07:33:59 +0000 2018,-0.5574,0.0,0.847,0.153,44,RT @BBCBreaking: At least 384 people now known to have died after an earthquake and tsunami hit a coastal Indonesian city https://t.co/IprV‚Ä¶
BBCWorld,Sat Sep 29 07:08:24 +0000 2018,0.4939,0.242,0.758,0.0,45,Gamers meet in real life at bedside of terminally-ill friend https://t.co/g4rF79BDes
BBCWorld,Sat Sep 29 01:11:32 +0000 2018,-0.6369,0.129,0.403,0.468,46,F-35 fighter jet: Programme suffers first crash https://t.co/HHN1joyOfJ
BBCWorld,Sat Sep 29 00:15:41 +0000 2018,-0.1007,0.191,0.589,0.22,47,Bula! Fiji fights US bar's trademark on a national greeting https://t.co/MhhIOtYxpF
BBCWorld,Sat Sep 29 00:01:54 +0000 2018,-0.296,0.0,0.804,0.196,48,Do New York police unfairly stop young black men? https://t.co/ewt2bRrHKO
BBCWorld,Fri Sep 28 23:58:06 +0000 2018,-0.128,0.0,0.842,0.158,49,Why is France's Macron talking tough on Brexit? https://t.co/0wDBq3DJlo
BBCWorld,Fri Sep 28 23:39:21 +0000 2018,-0.4215,0.0,0.703,0.297,50,Basra protests: US closes consulate after weeks of deadly protests https://t.co/sIY1rWcj4Z
BBCWorld,Fri Sep 28 22:02:57 +0000 2018,-0.1531,0.0,0.849,0.151,51,Kavanaugh hearings: Who were the women confronting Jeff Flake? https://t.co/tSHFiwZhcL
BBCWorld,Fri Sep 28 22:02:26 +0000 2018,-0.3182,0.0,0.874,0.126,52,The elevator confrontation that happened before Republican senator Jeff Flake's call for an FBI investigation into‚Ä¶ https://t.co/UH9fyTgsuk
BBCWorld,Fri Sep 28 21:36:50 +0000 2018,0.4767,0.279,0.721,0.0,53,Jair Bolsonaro: The candidate dividing friends in Brazil https://t.co/nhwhvaD3dJ
BBCWorld,Fri Sep 28 21:25:44 +0000 2018,-0.8176,0.0,0.483,0.517,54,Astrid Holleeder: Why I betrayed my crime boss brother https://t.co/jeU2zV65vn
BBCWorld,Fri Sep 28 21:18:19 +0000 2018,-0.5719,0.0,0.829,0.171,55,RT @DaveLeeBBC: Facebook confirms the bug would have allowed attackers to log-in to third-party sites using a person's Facebook account.
BBCWorld,Fri Sep 28 21:10:08 +0000 2018,0.5574,0.153,0.847,0.0,56,RT @BBCBreaking: US President Donald Trump orders FBI to reopen background inquiry into Supreme Court nominee Brett Kavanaugh over sexual m‚Ä¶
BBCWorld,Fri Sep 28 19:45:02 +0000 2018,0.5106,0.268,0.732,0.0,57,Led Zeppelin to face new Stairway to Heaven trial https://t.co/JrpFtGOlM0
BBCWorld,Fri Sep 28 19:14:34 +0000 2018,0.0,0.0,1.0,0.0,58,"President Donald Trump: Christine Blasey Ford's testimony was ""very compelling... Brett's testimony likewise was re‚Ä¶ https://t.co/olrOUwdB5W"
BBCWorld,Fri Sep 28 18:50:09 +0000 2018,0.0,0.0,1.0,0.0,59,Brett Kavanaugh deploys the Trump and Clinton playbook https://t.co/t8bKTGx269
BBCWorld,Fri Sep 28 18:23:58 +0000 2018,0.0772,0.14,0.86,0.0,60,"Brett Kavanaugh, Trump court nominee, clears first hurdle https://t.co/kpgxGaIht2"
BBCWorld,Fri Sep 28 18:23:48 +0000 2018,0.0,0.0,1.0,0.0,61,Malia Obama appears in New Dakotas' music video https://t.co/vNPpDsb8TP
BBCWorld,Fri Sep 28 18:23:01 +0000 2018,0.1779,0.1,0.83,0.07,62,RT @BBCJamesCook: BREAKING President Trump says he has no plan to replace his Supreme Court nominee but describes Brett Kavanaugh's accuser‚Ä¶
BBCWorld,Fri Sep 28 18:05:15 +0000 2018,0.5719,0.207,0.793,0.0,63,RT @BBCBreaking: Brett Kavanaugh's nomination to US Supreme Court backed by Senate committee as discussions continue over FBI inquiry https‚Ä¶
BBCWorld,Fri Sep 28 17:48:05 +0000 2018,0.0,0.0,1.0,0.0,64,Turkey-Germany: Erdogan urges Merkel to extradite Gulen 'terrorists' https://t.co/GnX6A5RqsH
BBCWorld,Fri Sep 28 17:48:04 +0000 2018,-0.8979,0.0,0.391,0.609,65,Jan Kuciak murder: Three people charged with journalist's killing https://t.co/qu0dkdEm0M
BBCWorld,Fri Sep 28 17:44:58 +0000 2018,0.34,0.094,0.906,0.0,66,"RT @BBCBreaking: Facebook says the security flaw has been fixed and it has informed police. In a statement it says ""we have yet to determin‚Ä¶"
BBCWorld,Fri Sep 28 17:27:52 +0000 2018,0.0,0.0,1.0,0.0,67,"The moment a tsunami wave hit a coastal city in Indonesia sweeping away buildings

https://t.co/RbuTRNhXu8 https://t.co/nwCPNxALPz"
BBCWorld,Fri Sep 28 17:10:20 +0000 2018,0.0,0.0,1.0,0.0,68,"RT @BBCBreaking: 50 million Facebook accounts compromised, the social network says - in all, 90m accounts will have to take action https://‚Ä¶"
BBCWorld,Fri Sep 28 17:07:57 +0000 2018,-0.802,0.0,0.604,0.396,69,Church sex abuse: 'I was forced to swim naked with our priest' https://t.co/qFYAilIpnk
BBCWorld,Fri Sep 28 16:48:03 +0000 2018,0.3612,0.238,0.762,0.0,70,Christine Blasey Ford through the eyes of a survivor https://t.co/pXj3U2dr5g
BBCWorld,Fri Sep 28 16:47:59 +0000 2018,0.0,0.0,1.0,0.0,71,Chinese message in a bottle makes waves in Queensland https://t.co/8P6iUNbWip
BBCWorld,Fri Sep 28 16:45:19 +0000 2018,-0.296,0.0,0.761,0.239,72,#KavanaughHearings: Five things you may have missed https://t.co/cZiP7KGe36
BBCWorld,Fri Sep 28 14:33:52 +0000 2018,0.0,0.0,1.0,0.0,73,"Denmark police continue major manhunt as bridges reopen
https://t.co/VvtZbPPK5Q"
BBCWorld,Fri Sep 28 14:19:05 +0000 2018,-0.6369,0.0,0.656,0.344,74,Chile abuse priest Fernando Karadima removed by Vatican https://t.co/cgBsQcaEzo
BBCWorld,Fri Sep 28 14:16:06 +0000 2018,0.5574,0.159,0.841,0.0,75,"Brett Kavanaugh: Senate Judiciary Committee to vote on Supreme Court nominee at 1330 EST (1830 BST)

Follow live up‚Ä¶ https://t.co/5dPRaE9R5z"
BBCWorld,Fri Sep 28 14:11:18 +0000 2018,0.5106,0.32,0.68,0.0,76,Tsunami hits Indonesia's Palu after strong earthquake https://t.co/gdC9SlLXpi
BBCWorld,Fri Sep 28 14:08:40 +0000 2018,0.0,0.0,1.0,0.0,77,"""In 25 years... I have never seen a nominee for any position behave in that manner"" - Democrat Senator Dianne Feins‚Ä¶ https://t.co/W4wD1TTPEQ"
BBCWorld,Fri Sep 28 14:02:55 +0000 2018,0.0,0.0,1.0,0.0,78,"RT @awzurcher: Ranking Democrat Dianne Feinstein now reading her statement, but several junior Democratic senators have already left the he‚Ä¶"
BBCWorld,Fri Sep 28 14:02:20 +0000 2018,-0.5859,0.0,0.703,0.297,79,Autopsy on Coptic Christian monk shows signs of poisoning https://t.co/efxdxxIhnI
BBCWorld,Fri Sep 28 14:00:11 +0000 2018,-0.0516,0.0,0.926,0.074,80,#KavanaughHearings: Some Democratic senators leave the room as Senate Judiciary Committee chairman Chuck Grassley m‚Ä¶ https://t.co/SdXVNd8kMd
BBCWorld,Fri Sep 28 12:57:10 +0000 2018,-0.6597,0.0,0.747,0.253,81,"RT @BBCNews: 'The facial reconstruction that changed my life after bone cancer'

https://t.co/1ecgm8X4CW https://t.co/VHV1356Rru"
BBCWorld,Fri Sep 28 12:54:29 +0000 2018,0.0,0.0,1.0,0.0,82,RT @BBCBreaking: Danish police seal off bridges and ferries to Sweden and Germany in a major operation https://t.co/uvVH4ANjHm
BBCWorld,Fri Sep 28 12:26:24 +0000 2018,0.5574,0.231,0.769,0.0,83,"Brett Kavanaugh: Senate committee due to vote on Supreme Court nominee 

https://t.co/lFaAiBBbVN #kavanaughhearings"
BBCWorld,Fri Sep 28 12:21:44 +0000 2018,-0.296,0.0,0.732,0.268,84,European warnings over Italy's populist budget https://t.co/9EX9mjswwY
BBCWorld,Fri Sep 28 11:49:14 +0000 2018,0.7184,0.353,0.647,0.0,85,RT @BBCAfrica: Senegal's sand painter: Creating beauty with grains of sand https://t.co/tsPHeAxvrE https://t.co/MFF8lNr5Bg
BBCWorld,Fri Sep 28 11:46:26 +0000 2018,-0.8625,0.0,0.484,0.516,86,Ethiopia attack: Five charged for trying to kill PM Abiy Ahmed https://t.co/5ZIEKHu0Ip
BBCWorld,Fri Sep 28 11:31:22 +0000 2018,0.4215,0.318,0.682,0.0,87,"RT @BBCNews: Bless you, deer ü¶å https://t.co/7SMx5joISa"
BBCWorld,Fri Sep 28 10:26:58 +0000 2018,-0.4588,0.0,0.727,0.273,88,Iran mocks new nuclear claims by Israel's PM https://t.co/fIRZPmG5mY
BBCWorld,Fri Sep 28 10:02:10 +0000 2018,0.0258,0.073,0.927,0.0,89,"RT @BBCNews: #KavanaughHearings: The nomination, the allegations, and why it matters (in 300 words) 

https://t.co/WFrzrhvDus"
BBCWorld,Fri Sep 28 09:39:11 +0000 2018,0.0,0.0,1.0,0.0,90,First human case of rat hepatitis found in Hong Kong https://t.co/ABQ9OQM0YY
BBCWorld,Fri Sep 28 09:19:34 +0000 2018,0.0,0.0,1.0,0.0,91,"#BelieveWomen v #BackBrett

Social media reacts to #KavanaughHearings https://t.co/TXPtPZkTh4"
BBCWorld,Fri Sep 28 09:18:49 +0000 2018,-0.4215,0.0,0.588,0.412,92,.@ArianaGrande tweet worries fans https://t.co/qAK8JZ9Qbc
BBCWorld,Fri Sep 28 09:17:05 +0000 2018,0.3612,0.102,0.898,0.0,93,"RT @BBCSport: The second match is red for the first time, courtesy of Rickie Fowler.

#RyderCup live @5liveSport 
üëâ https://t.co/KNp9oCIyiX‚Ä¶"
BBCWorld,Fri Sep 28 08:50:30 +0000 2018,0.0,0.0,1.0,0.0,94,#KavanaughHearings divide US media https://t.co/BD20kT7YTo
BBCWorld,Fri Sep 28 08:36:49 +0000 2018,0.1027,0.091,0.833,0.075,95,"Forget what you thought you knew about Baby Shark (doo doo doo doo doo doo)

This German woman was the original vir‚Ä¶ https://t.co/x9hOgEeIS2"
BBCWorld,Fri Sep 28 07:34:59 +0000 2018,0.2023,0.281,0.521,0.198,96,Protests as Germany welcomes Turkey's Erdogan https://t.co/9ZIUcOFlSj
BBCWorld,Fri Sep 28 07:32:08 +0000 2018,0.7149,0.206,0.794,0.0,97,RT @SallyBundockBBC: Do you feel you are penalised for loyalty? Is this an issue outside of the UK as well? Get in touch #BBCBizLive - @VFr‚Ä¶
BBCWorld,Fri Sep 28 07:15:21 +0000 2018,0.0,0.0,1.0,0.0,98,"New name, same country? A choice for Macedonians https://t.co/LwswWrq67u"
BBCWorld,Fri Sep 28 07:08:23 +0000 2018,0.0,0.0,1.0,0.0,99,"Woman, 75, dies after being hit by lorry in County Monaghan https://t.co/inkYmEOdlM"
BBCWorld,Fri Sep 28 06:39:15 +0000 2018,0.0,0.0,1.0,0.0,100,"RT @BBCSport: First blood goes to #TeamEurope as Justin Rose birdies the opening hole!

#RyderCup live @5liveSport 
üëâ https://t.co/KNp9oCIy‚Ä¶"
CBS,Fri Sep 28 22:22:01 +0000 2018,0.0,0.0,1.0,0.0,1,"On @colbertlateshow, @TheNeighborhood's @CedEntertainer and Stephen recall the first time they met on a night when‚Ä¶ https://t.co/vjz1zVg4sR"
CBS,Fri Sep 28 20:16:14 +0000 2018,0.0,0.0,1.0,0.0,2,".@happytogether's @wayansjr, @HereIsGina &amp; @latelateshow discuss the pros and cons of living with a pop star. Con:‚Ä¶ https://t.co/PLXFxfheW7"
CBS,Fri Sep 28 17:52:41 +0000 2018,0.0,0.0,1.0,0.0,3,"If you haven't seen @SEALTeamCBS, make it your mission to know them before the #SEALTeam Season 2 premiere October‚Ä¶ https://t.co/NhCPI3lZSV"
CBS,Fri Sep 28 16:51:50 +0000 2018,0.0,0.0,1.0,0.0,4,"‚ö°Ô∏è ‚ÄúMurphy Brown Returns to CBS‚Äù

https://t.co/3vsAg7WcB1"
CBS,Thu Sep 27 20:19:18 +0000 2018,0.0,0.0,1.0,0.0,5,.@TheNeighborhood's @iamgreenfield revealing his Fiddler on the Roof goals on @latelateshow will be the earworm you‚Ä¶ https://t.co/swbh8HPwA1
CBS,Thu Sep 27 20:01:53 +0000 2018,0.0,0.0,1.0,0.0,6,RT @MurphyBrownCBS: A moment 20 years in the making all comes down to this. #MurphyBrown returns to @CBS tonight! https://t.co/tWSMFM3YbG
CBS,Thu Sep 27 17:19:16 +0000 2018,0.0,0.0,1.0,0.0,7,"Candice Bergen tells @colbertlateshow the presidential way tonight's @MurphyBrownCBS premiere imitates life, albeit‚Ä¶ https://t.co/4Kbk8gt6nS"
CBS,Thu Sep 27 16:58:08 +0000 2018,-0.34,0.169,0.581,0.25,8,@marlagardner222 @jay_hernandez Good idea. The theme song is a dead giveaway. üòâ
CBS,Thu Sep 27 00:44:13 +0000 2018,0.0,0.0,1.0,0.0,9,@queenmama7777 @CBSAllAccess We believe in you! https://t.co/ZK0xaPRxVr
CBS,Thu Sep 27 00:42:15 +0000 2018,0.0,0.0,1.0,0.0,10,@BSkyjackcity @jokersupdates @CBSAllAccess On it. https://t.co/yxKX9ry7fw
CBS,Wed Sep 26 21:49:27 +0000 2018,0.1139,0.071,0.929,0.0,11,Sixteen houseguests entered and now it's down to the Final 3. Don't miss a second of the 90-minute #BB20Finale toni‚Ä¶ https://t.co/KwDHR9Hfqu
CBS,Wed Sep 26 19:57:54 +0000 2018,0.6249,0.221,0.779,0.0,12,"The tribe has spoken, and they do a pretty decent @JeffProbst impression just in time for the @survivorcbs Season P‚Ä¶ https://t.co/2Ps8VKblay"
CBS,Wed Sep 26 17:25:43 +0000 2018,0.0,0.0,1.0,0.0,13,"‚ö°Ô∏è ‚ÄúFBI Premieres on CBS‚Äù

https://t.co/faL6iHZc5g"
CBS,Tue Sep 25 21:10:56 +0000 2018,-0.2714,0.098,0.764,0.138,14,"RT @CBSAllAccess: A night of crime dramas?! Oh yes. üôå Stream @NCIS_CBS, @FBICBS &amp; @NCISNewOrleans starting at 8/7c on CBS All Access: https‚Ä¶"
CBS,Tue Sep 25 20:31:45 +0000 2018,-0.2263,0.0,0.909,0.091,15,"Before @FBICBS premieres tonight, @mperegrym stopped by @CBSThisMorning to talk about her role as an FBI agent in t‚Ä¶ https://t.co/CPVki4Hv8y"
CBS,Tue Sep 25 19:54:26 +0000 2018,0.0,0.0,1.0,0.0,16,RT @CBSAllAccess: üö® @PatrickBrammall. Tim Meadows. @jessicaalba. @iamgreenfield. @AHWAmySedaris. @ChrisGethard. @JoeManganiello. AND SO MAN‚Ä¶
CBS,Tue Sep 25 19:45:33 +0000 2018,0.7901,0.291,0.709,0.0,17,RT @bigbangtheory: Happy #NationalComicBookDay from Sheldon and his many shirts! How are you sporting your favorite superhero today? #BigBa‚Ä¶
CBS,Tue Sep 25 18:34:26 +0000 2018,0.0,0.0,1.0,0.0,18,"‚ö°Ô∏è ‚ÄúMagnum P.I. Premieres on CBS‚Äù

https://t.co/UtbQlcDG8S"
CBS,Tue Sep 25 18:05:31 +0000 2018,0.0,0.0,1.0,0.0,19,".@jay_hernandez went on @latelateshow to talk about @MagnumPICBS, but he may have gotten @TiffanyHaddish as a surf‚Ä¶ https://t.co/a3acRu10aw"
CBS,Mon Sep 24 18:56:15 +0000 2018,0.0,0.0,1.0,0.0,20,"RT @60Minutes: 60 Minutes turns 50 today. Tick, tick, tick ... https://t.co/3CVKEs9J7F"
CBS,Fri Sep 28 22:22:01 +0000 2018,0.0,0.0,1.0,0.0,21,"On @colbertlateshow, @TheNeighborhood's @CedEntertainer and Stephen recall the first time they met on a night when‚Ä¶ https://t.co/vjz1zVg4sR"
CBS,Fri Sep 28 20:16:14 +0000 2018,0.0,0.0,1.0,0.0,22,".@happytogether's @wayansjr, @HereIsGina &amp; @latelateshow discuss the pros and cons of living with a pop star. Con:‚Ä¶ https://t.co/PLXFxfheW7"
CBS,Fri Sep 28 17:52:41 +0000 2018,0.0,0.0,1.0,0.0,23,"If you haven't seen @SEALTeamCBS, make it your mission to know them before the #SEALTeam Season 2 premiere October‚Ä¶ https://t.co/NhCPI3lZSV"
CBS,Fri Sep 28 16:51:50 +0000 2018,0.0,0.0,1.0,0.0,24,"‚ö°Ô∏è ‚ÄúMurphy Brown Returns to CBS‚Äù

https://t.co/3vsAg7WcB1"
CBS,Thu Sep 27 20:19:18 +0000 2018,0.0,0.0,1.0,0.0,25,.@TheNeighborhood's @iamgreenfield revealing his Fiddler on the Roof goals on @latelateshow will be the earworm you‚Ä¶ https://t.co/swbh8HPwA1
CBS,Thu Sep 27 20:01:53 +0000 2018,0.0,0.0,1.0,0.0,26,RT @MurphyBrownCBS: A moment 20 years in the making all comes down to this. #MurphyBrown returns to @CBS tonight! https://t.co/tWSMFM3YbG
CBS,Thu Sep 27 17:19:16 +0000 2018,0.0,0.0,1.0,0.0,27,"Candice Bergen tells @colbertlateshow the presidential way tonight's @MurphyBrownCBS premiere imitates life, albeit‚Ä¶ https://t.co/4Kbk8gt6nS"
CBS,Thu Sep 27 16:58:08 +0000 2018,-0.34,0.169,0.581,0.25,28,@marlagardner222 @jay_hernandez Good idea. The theme song is a dead giveaway. üòâ
CBS,Thu Sep 27 00:44:13 +0000 2018,0.0,0.0,1.0,0.0,29,@queenmama7777 @CBSAllAccess We believe in you! https://t.co/ZK0xaPRxVr
CBS,Thu Sep 27 00:42:15 +0000 2018,0.0,0.0,1.0,0.0,30,@BSkyjackcity @jokersupdates @CBSAllAccess On it. https://t.co/yxKX9ry7fw
CBS,Wed Sep 26 21:49:27 +0000 2018,0.1139,0.071,0.929,0.0,31,Sixteen houseguests entered and now it's down to the Final 3. Don't miss a second of the 90-minute #BB20Finale toni‚Ä¶ https://t.co/KwDHR9Hfqu
CBS,Wed Sep 26 19:57:54 +0000 2018,0.6249,0.221,0.779,0.0,32,"The tribe has spoken, and they do a pretty decent @JeffProbst impression just in time for the @survivorcbs Season P‚Ä¶ https://t.co/2Ps8VKblay"
CBS,Wed Sep 26 17:25:43 +0000 2018,0.0,0.0,1.0,0.0,33,"‚ö°Ô∏è ‚ÄúFBI Premieres on CBS‚Äù

https://t.co/faL6iHZc5g"
CBS,Tue Sep 25 21:10:56 +0000 2018,-0.2714,0.098,0.764,0.138,34,"RT @CBSAllAccess: A night of crime dramas?! Oh yes. üôå Stream @NCIS_CBS, @FBICBS &amp; @NCISNewOrleans starting at 8/7c on CBS All Access: https‚Ä¶"
CBS,Tue Sep 25 20:31:45 +0000 2018,-0.2263,0.0,0.909,0.091,35,"Before @FBICBS premieres tonight, @mperegrym stopped by @CBSThisMorning to talk about her role as an FBI agent in t‚Ä¶ https://t.co/CPVki4Hv8y"
CBS,Tue Sep 25 19:54:26 +0000 2018,0.0,0.0,1.0,0.0,36,RT @CBSAllAccess: üö® @PatrickBrammall. Tim Meadows. @jessicaalba. @iamgreenfield. @AHWAmySedaris. @ChrisGethard. @JoeManganiello. AND SO MAN‚Ä¶
CBS,Tue Sep 25 19:45:33 +0000 2018,0.7901,0.291,0.709,0.0,37,RT @bigbangtheory: Happy #NationalComicBookDay from Sheldon and his many shirts! How are you sporting your favorite superhero today? #BigBa‚Ä¶
CBS,Tue Sep 25 18:34:26 +0000 2018,0.0,0.0,1.0,0.0,38,"‚ö°Ô∏è ‚ÄúMagnum P.I. Premieres on CBS‚Äù

https://t.co/UtbQlcDG8S"
CBS,Tue Sep 25 18:05:31 +0000 2018,0.0,0.0,1.0,0.0,39,".@jay_hernandez went on @latelateshow to talk about @MagnumPICBS, but he may have gotten @TiffanyHaddish as a surf‚Ä¶ https://t.co/a3acRu10aw"
CBS,Mon Sep 24 18:56:15 +0000 2018,0.0,0.0,1.0,0.0,40,"RT @60Minutes: 60 Minutes turns 50 today. Tick, tick, tick ... https://t.co/3CVKEs9J7F"
CBS,Sun Sep 23 23:24:03 +0000 2018,-0.2263,0.0,0.913,0.087,41,"Due to #NFL football game overrun, #CBS Sunday lineup is delayed in ATL, Indy, NOLA, Kansas City, NYC, Philly, Prov‚Ä¶ https://t.co/fejqoxtvSY"
CBS,Sun Sep 23 14:00:00 +0000 2018,0.0,0.0,1.0,0.0,42,Kick off your Sunday with @NFL on CBS. Catch your local games live on CBS and @CBSAllAccess. üèàüì∫‚Ä¶ https://t.co/kbo7N27mY9
CBS,Fri Sep 21 19:18:00 +0000 2018,0.296,0.144,0.758,0.098,43,"How does $100,000 sound? Because someone is going to win all that tonight on the @TKOCBS Battle Royale finale at 9p‚Ä¶ https://t.co/JEuUZ2QlQh"
CBS,Fri Sep 21 17:46:26 +0000 2018,-0.1531,0.123,0.714,0.162,44,@colbertlateshow @IainLoveTheatre @IainLoveTheatre made a compelling argument. We'll get back to you. üòâ
CBS,Thu Sep 20 23:17:19 +0000 2018,0.296,0.109,0.891,0.0,45,"Now that @bigbangtheory is entering its last season, Kaley Cuoco admits to @latelateshow she's over the show's noto‚Ä¶ https://t.co/xvhlMWBhSX"
CBS,Thu Sep 20 21:38:21 +0000 2018,0.7896,0.212,0.788,0.0,46,RT @HawaiiFive0CBS: It‚Äôs the big Five-0! üéâ üåä #H50 premiered on this day in 1968! Celebrate 50 years of Hawaii Five-0 with every season of b‚Ä¶
CBS,Thu Sep 20 16:47:26 +0000 2018,0.0,0.0,1.0,0.0,47,RT @JordanPeele: üì∫üåÄ https://t.co/CygbVi4JFC
CBS,Wed Sep 19 19:07:37 +0000 2018,-0.0531,0.176,0.588,0.236,48,The @latelateshow and @JKCorden will never be good enough for @henrygolding's crazy rich mom.‚Ä¶ https://t.co/xVmH5Iyfvs
CBS,Tue Sep 18 17:04:20 +0000 2018,0.6486,0.209,0.791,0.0,49,RT @CBSThisMorning: Imagine receiving a digital friend request from someone claiming to be God. What would you do? The new @CBS drama @GodF‚Ä¶
CBS,Mon Sep 17 22:01:52 +0000 2018,0.9642,0.527,0.473,0.0,50,"RT @PriceIsRight: We're thrilled to be back with all new, fun, and exciting shows!!  We hope to give you another award winning season! HERE‚Ä¶"
CBS,Mon Sep 17 21:41:20 +0000 2018,0.0,0.0,1.0,0.0,51,RT @SalvationCBS: X marks the spot on the heart-stopping season finale of #SalvationCBS tonight at 9/8c on CBS &amp; CBS All Access: https://t.‚Ä¶
CBS,Mon Sep 17 19:18:37 +0000 2018,0.3612,0.263,0.737,0.0,52,Waiting for tonight's @Elementary_CBS season finale like https://t.co/Ou8342vGT9
CBS,Sun Sep 16 23:48:59 +0000 2018,-0.2263,0.0,0.909,0.091,53,"Due to an NFL overrun, the CBS Sunday lineup is delayed in the East/Central cities ONLY. New start times:‚Ä¶ https://t.co/IypoJ0l16P"
CBS,Sun Sep 16 14:33:46 +0000 2018,0.0,0.0,1.0,0.0,54,RT @CBSAllAccess: Sundays were made for NFL on CBS. üèàüíØ Stream NFL on CBS All Access live today: https://t.co/vsod8jGE7N https://t.co/co2528‚Ä¶
CBS,Sat Sep 15 16:00:01 +0000 2018,-0.4322,0.07,0.771,0.159,55,"What happens when a PTA mom steals nearly $100,000 from her daughter's school? Don't miss the #PinkCollarCrimes sea‚Ä¶ https://t.co/Gjiy0pByaE"
CBS,Fri Sep 14 18:22:59 +0000 2018,-0.2481,0.17,0.598,0.233,56,"RT @CBSAllAccess: No internet, no problem. You can now download and play your favorite shows on CBS All Access! üôå Learn how: https://t.co/y‚Ä¶"
CBS,Thu Sep 13 20:52:06 +0000 2018,0.0,0.0,1.0,0.0,57,@PlaggemeyLee Mac's putting something together. üòâ https://t.co/6ww5HlV6Bx
CBS,Thu Sep 13 20:28:06 +0000 2018,0.0,0.0,1.0,0.0,58,This just in... https://t.co/QG3OYF6Rfv
CBS,Thu Sep 13 18:06:49 +0000 2018,0.4753,0.218,0.699,0.083,59,RT @CBSAllAccess: Get excited! Stream original #MurphyBrown episodes for a limited time on CBS All Access before the @MurphyBrownCBS reviva‚Ä¶
CBS,Mon Sep 10 17:06:16 +0000 2018,0.0,0.0,1.0,0.0,60,"This just in! The 54th #ACMawards will air LIVE from Las Vegas on Sunday, April 7, 2019 at 8/7c on CBS and‚Ä¶ https://t.co/Q9e7qxe26l"
CBS,Sun Sep 09 23:36:09 +0000 2018,-0.2263,0.0,0.917,0.083,61,"Due to an NFL overrun, CBS is delayed 17 mins in the following markets: Kansas City, Miami, Tampa, NOLA, New York,‚Ä¶ https://t.co/9eXZ9mA1Xb"
CBS,Sun Sep 09 14:00:00 +0000 2018,0.6705,0.256,0.744,0.0,62,Are you ready for some football? üèà Stream your favorite NFL games LIVE on #CBSAllAccess today:‚Ä¶ https://t.co/eHt8guHoyv
CBS,Sat Sep 08 16:20:43 +0000 2018,0.4215,0.149,0.851,0.0,63,An unforgettable night of inspiring stories and performances highlighting the 10 years of impact #StandUpToCancer c‚Ä¶ https://t.co/8bp2XNKwfH
CBS,Sat Sep 08 00:00:00 +0000 2018,0.0,0.0,1.0,0.0,64,The star-studded event is about to begin! Tune in now to watch #StandUpToCancer on CBS and @cbsallaccess. https://t.co/cD8TJuQBog
CBS,Fri Sep 07 23:15:09 +0000 2018,-0.5411,0.092,0.712,0.196,65,"RT @cbsallaccess: Join #TellMeAStory's @daniellemcam, @BillyMagnussen &amp; Dorian Missick by standing up to cancer! Watch @SU2C tonight at 8/7‚Ä¶"
CBS,Fri Sep 07 21:50:51 +0000 2018,0.0,0.0,1.0,0.0,66,Tune in to a first-of-its-kind digital live show as lead up to @SU2C‚Äôs televised event tonight! The show will featu‚Ä¶ https://t.co/hIVaLAXYmR
CBS,Thu Sep 06 22:10:49 +0000 2018,-0.296,0.0,0.879,0.121,67,Hollywood legend Burt Reynolds has passed away at the age of 82. He will be missed. https://t.co/HSmcJ9X9iC
CBS,Thu Sep 06 19:00:01 +0000 2018,0.4753,0.192,0.808,0.0,68,Here are @FBICBS‚Äô @JeremySisto and @EboneeReigne with a powerful message before #StandUpToCancer airs tomorrow! https://t.co/OCqh91N1OO
CBS,Wed Sep 05 21:00:00 +0000 2018,0.0,0.0,1.0,0.0,69,Here's everything you need to know before tuning into #StandUpToCancer this Friday at 8/7c: https://t.co/IT9ht84TZ1 https://t.co/OK4AOxw5mP
CBS,Wed Sep 05 17:32:40 +0000 2018,0.3612,0.111,0.889,0.0,70,Survivor host @JeffProbst is here to break down the theme of #Survivor: David vs. Goliath before the new season beg‚Ä¶ https://t.co/8TcA200eFQ
CBS,Wed Sep 05 16:48:09 +0000 2018,0.6908,0.533,0.467,0.0,71,"Thanks, @StephenAtHome. 
P.S. Nice beard. #LSSC https://t.co/wppVtfR9cL"
CBS,Tue Sep 04 20:34:26 +0000 2018,0.4215,0.135,0.865,0.0,72,The biggest names in entertainment are coming together once again for #StandUpToCancer this Friday at 8/7c on @CBS‚Ä¶ https://t.co/ntuGKLYvuW
CBS,Sat Sep 01 15:25:34 +0000 2018,0.6514,0.171,0.829,0.0,73,RT @cbsallaccess: Stream #17 @WestVirginiaU vs. @UTKnoxville LIVE today at 3:30PM ET on CBS All Access! Try 1 month FREE using code BINGENO‚Ä¶
CBS,Fri Aug 31 21:26:49 +0000 2018,0.0,0.0,1.0,0.0,74,"In just one week, @RWitherspoon, @McConaughey, Jennifer Garner, and more will attend the #‚ÄãStandUpToCancer fundrais‚Ä¶ https://t.co/iHKGOoWejA"
CBS,Fri Aug 31 18:01:01 +0000 2018,0.0,0.0,1.0,0.0,75,"Believe in miracles. Watch this sneak peek of the complete premiere episode of @GodFriendedMe now, a month before i‚Ä¶ https://t.co/5AIUH5VmMk"
CBS,Thu Aug 30 19:45:51 +0000 2018,-0.6908,0.0,0.761,0.239,76,"RT @cbsallaccess: Money. Murder. Mystery. #OneDollar is now streaming, exclusively on CBS All Access. https://t.co/3qFdTEmVU5 https://t.co/‚Ä¶"
CBS,Thu Aug 30 15:32:47 +0000 2018,0.6239,0.17,0.83,0.0,77,RT @GodFriendedMe: It's a godsend! We're dropping the #GodFriendedMe pilot tomorrow right here on Twitter for you to stream a full month be‚Ä¶
CBS,Mon Aug 27 23:36:57 +0000 2018,0.0,0.0,1.0,0.0,78,"It's almost time for sweater weather, pumpkin spice lattes, and CBS Fall TV premieres. Check out the storylines for‚Ä¶ https://t.co/BpgDyYl8fc"
CBS,Fri Aug 24 20:30:16 +0000 2018,-0.4389,0.0,0.888,0.112,79,RT @cbsallaccess: #NFL preseason coverage is here! üèà The Detroit @Lions battle the Tampa Bay @Buccaneers tonight at 8PM ET. Stream the game‚Ä¶
CBS,Wed Aug 22 20:55:25 +0000 2018,0.0,0.0,1.0,0.0,80,"@bigbangtheory üé∂...happy kitty, sleepy kitty, purr purr purrüé∂ #TheBigBangTheory https://t.co/sEObppGJlZ"
CBS,Wed Aug 22 20:10:12 +0000 2018,0.0,0.0,1.0,0.0,81,"This is going to require multiple singings of ""Soft Kitty."" https://t.co/UdRGNeQ7Lb"
CBS,Mon Aug 20 21:59:56 +0000 2018,0.5423,0.171,0.829,0.0,82,Got to get more of the @PaulMcCartney #CarpoolKaraoke into your life? @latelateshow produced an hour-long bonus spe‚Ä¶ https://t.co/DjPqajo6Xn
CBS,Fri Aug 17 17:42:02 +0000 2018,0.3182,0.113,0.887,0.0,83,"How much does it cost to bury the truth? 
#OneDollar premieres August 30, exclusively on CBS All Access. https://t.co/ZL5TBH9ro5"
CBS,Thu Aug 16 18:40:09 +0000 2018,0.0,0.0,1.0,0.0,84,Things got carried away when @ArianaGrande joined @latelateshow for #CarpoolKaraoke. So did Ariana. #ArianaCarpool https://t.co/WSZcC0TaYz
CBS,Thu Aug 16 00:09:03 +0000 2018,-0.5267,0.092,0.72,0.188,85,RT @cbsallaccess: Murder mystery set in a small town? We're in. Rediscover the genius of original #TwinPeaks co-creators @DAVID_LYNCH and @‚Ä¶
CBS,Sun Aug 12 23:30:02 +0000 2018,0.0,0.0,1.0,0.0,86,New start times for @60Minutes 7:20ET/6:20CT @CBSBigBrother 8:20ET/7:20CT @NCISLA 9:20ET/8:20CT @Elementary_CBS 10:‚Ä¶ https://t.co/Op9VcDsREa
CBS,Sun Aug 12 15:04:59 +0000 2018,0.4389,0.126,0.874,0.0,87,Clear your schedules for the 100th #PGAChamp! Stream the Final Round LIVE on @cbsallaccess at 2 PM ET across all de‚Ä¶ https://t.co/m6bH2pKTUN
CBS,Sat Aug 11 18:00:00 +0000 2018,-0.3182,0.0,0.897,0.103,88,The fortune teller you‚Äôll meet this Saturday lived a life of luxury... by scamming her victims out of hundreds of t‚Ä¶ https://t.co/fJo6F2Eo5p
CBS,Sat Aug 11 15:00:02 +0000 2018,0.4926,0.144,0.856,0.0,89,The 100th PGA Championship continues today! Stream it LIVE on @cbsallaccess at 2PM ET across all devices. Try 1 Wee‚Ä¶ https://t.co/jbMg06eOND
CBS,Fri Aug 10 22:28:55 +0000 2018,0.8957,0.419,0.581,0.0,90,"To celebrate the 100th PGA Championship, relive some of the tournament's greatest moments with Luke Wilson. 

Don't‚Ä¶ https://t.co/wUuB93smr4"
CBS,Fri Aug 10 19:59:14 +0000 2018,0.0,0.0,1.0,0.0,91,"RT @TrueCrimeCBS: When Glenn Walp and Steve Doran uncovered theft at the Los Alamos National Laboratory, they HAD to blow their whistles. W‚Ä¶"
CBS,Thu Aug 09 21:00:00 +0000 2018,0.6696,0.255,0.745,0.0,92,Want to create your own @CBSBigBrother or @TKOCBS meme using one the photos here? It‚Äôs your lucky day! Head over to‚Ä¶ https://t.co/JHJWykNkQT
CBS,Thu Aug 09 18:47:00 +0000 2018,0.7901,0.28,0.72,0.0,93,Time to celebrate! Your favorite Daytime shows will premiere with new seasons this fall. See all of the @CBSDaytime‚Ä¶ https://t.co/GNkK4Zf2kD
CBS,Wed Aug 08 16:05:11 +0000 2018,0.6696,0.209,0.791,0.0,94,"Love is in the air, and the water! International smash hit #LoveIsland is coming to CBS. https://t.co/nepabuNoSU https://t.co/Cxgvkv463u"
CBS,Tue Aug 07 16:06:57 +0000 2018,0.0,0.0,1.0,0.0,95,The Executive Producers of @CBSBigBrother are teaming up with @KingJames and @MavCarter for an unprecedented televi‚Ä¶ https://t.co/V88bDeHmQs
CBS,Mon Aug 06 00:20:55 +0000 2018,0.3612,0.111,0.889,0.0,96,"RT @cbsallaccess: Executive Producer of Tell Me A Story, @kevwilliamson, says ""What I like about the show, there‚Äôs nothing else on TV like‚Ä¶"
CBS,Mon Aug 06 00:07:38 +0000 2018,0.7424,0.3,0.617,0.082,97,RT @TheNeighborhood: Feel the love in this new teaser for #TheNeighborhood from the #CBS #TCA18! ü§ó https://t.co/rPmCozH5XP
CBS,Mon Aug 06 00:02:58 +0000 2018,0.3818,0.106,0.894,0.0,98,RT @TheNeighborhood: Find out why Cedric the Entertainer and the cast think #TheNeighborhood is the kind of show that everyone can relate t‚Ä¶
CBS,Mon Aug 06 00:02:02 +0000 2018,0.5093,0.141,0.859,0.0,99,That's all for our #CBS #TCA18 panels! Tune in this fall to watch all your favorite new shows. üôå https://t.co/hM85o9eRi8
CBS,Sun Aug 05 23:58:41 +0000 2018,0.0,0.0,1.0,0.0,100,"RT @MagnumPICBS: ""If there was ever a time to bring back #MagnumPI, it's now."" - @PLenkov 
#CBS #TCA2018"
CNN,Sun Sep 30 08:01:04 +0000 2018,0.3612,0.143,0.857,0.0,1,Stepping into this Seoul cafe feels like entering the black-and-white world of a cartoon https://t.co/t5qCzejhyj vi‚Ä¶ https://t.co/G7flwx8rEm
CNN,Sun Sep 30 07:50:46 +0000 2018,-0.5994,0.0,0.794,0.206,2,"The death toll from an earthquake and tsunami now exceeds 830 people,  Indonesian officials say.‚Ä¶ https://t.co/4qMtFf6m5O"
CNN,Sun Sep 30 07:31:00 +0000 2018,0.1531,0.118,0.882,0.0,3,Watch a seal slap a kayaker in the face -- with an octopus: https://t.co/o5zJ8GhVv8 https://t.co/44ucQCMCKB
CNN,Sun Sep 30 07:01:05 +0000 2018,0.0,0.0,1.0,0.0,4,Cutting-edge research on an ancient mummy shows that Egyptians were embalming bodies in prehistoric times https://t.co/GIhkkA68XQ
CNN,Sun Sep 30 06:31:00 +0000 2018,0.7351,0.36,0.64,0.0,5,"This 7-year-old girl wowed a crowd with a stunning rendition of the ""Star-Spangled Banner"" https://t.co/MzQnkXqx53"
CNN,Sun Sep 30 06:01:07 +0000 2018,0.0,0.0,1.0,0.0,6,"Scientists may have uncovered an entire new whale species that lived millions of years ago. 

Bones found at a land‚Ä¶ https://t.co/KaG3tJxcPs"
CNN,Sun Sep 30 05:46:05 +0000 2018,0.0,0.0,1.0,0.0,7,"Days ago, residents in a community north of St. Louis got some news that they've long wanted to hear. Radioactive m‚Ä¶ https://t.co/swmxWH3MSH"
CNN,Sun Sep 30 05:31:00 +0000 2018,0.2732,0.116,0.884,0.0,8,Former presidential candidate Hillary Clinton made a surprise appearance in the first episode of the 'Murphy Brown'‚Ä¶ https://t.co/owLc7OvGKP
CNN,Sun Sep 30 05:16:05 +0000 2018,0.3612,0.106,0.894,0.0,9,Tom Hanks is ready to be your neighbor -- as Mister Rogers in an upcoming and as-yet-untitled film about the childr‚Ä¶ https://t.co/N6rKE63Iik
CNN,Sun Sep 30 05:01:00 +0000 2018,0.0,0.0,1.0,0.0,10,300 glowing drones illuminate the night sky in this choreographed spectacle https://t.co/B2RhWXTnHV https://t.co/CjWifh0P0i
CNN,Sun Sep 30 04:46:02 +0000 2018,0.4588,0.13,0.87,0.0,11,This custodian has been spreading kindness at Bristol University for more than 11 years so students at the school l‚Ä¶ https://t.co/PPINKQs66p
CNN,Sun Sep 30 04:31:00 +0000 2018,0.0,0.0,1.0,0.0,12,Meet DJ Switch: A 10-year-old girl from Ghana who wants to be a gynecologist when she grows up. Erica Armah Bra-Bul‚Ä¶ https://t.co/xxBEDzxlD9
CNN,Sun Sep 30 04:16:00 +0000 2018,0.0,0.0,1.0,0.0,13,"What has two heads, is extremely rare and doesn't have a long life expectancy?

This two-headed baby copperhead, wh‚Ä¶ https://t.co/UmdU9G7kOj"
CNN,Sun Sep 30 04:01:04 +0000 2018,-0.2732,0.0,0.905,0.095,14,"Ted Turner is battling Lewy body dementia, the CNN founder revealed in an interview that will air over the weekend‚Ä¶ https://t.co/mjUlSYrDlb"
CNN,Sun Sep 30 03:30:23 +0000 2018,0.0,0.0,1.0,0.0,15,"The oldest known animal in the geological record has been identified, in a discovery that scientists are calling ""t‚Ä¶ https://t.co/s8adwFD2pS"
CNN,Sun Sep 30 03:00:06 +0000 2018,0.0,0.0,1.0,0.0,16,Several Southern California high school students face disciplinary action after spelling out a racial slur with let‚Ä¶ https://t.co/2goay3zfXq
CNN,Sun Sep 30 02:32:25 +0000 2018,-0.1779,0.0,0.922,0.078,17,A long-lost warship has been discovered off the coast of China after an extensive hunt to track down relics from fr‚Ä¶ https://t.co/JCoIJmFVGv
CNN,Sun Sep 30 02:00:13 +0000 2018,0.5994,0.234,0.766,0.0,18,"SiriusXM is buying Pandora in a $3.5 billion deal, which will create the world's largest audio entertainment compan‚Ä¶ https://t.co/mHXQZC5D4q"
CNN,Sun Sep 30 01:00:08 +0000 2018,0.2263,0.147,0.853,0.0,19,Only these 8 states require sex education classes to mention consent https://t.co/joJ5Fkhkan https://t.co/3VmFDbGc5L
CNN,Sun Sep 30 00:31:16 +0000 2018,0.4404,0.187,0.813,0.0,20,Hillary Clinton made a surprise appearance in the first episode of the 'Murphy Brown' revival -- playing a woman in‚Ä¶ https://t.co/CaXmdL9s9b
CNN,Sun Sep 30 08:01:04 +0000 2018,0.3612,0.143,0.857,0.0,21,Stepping into this Seoul cafe feels like entering the black-and-white world of a cartoon https://t.co/t5qCzejhyj vi‚Ä¶ https://t.co/G7flwx8rEm
CNN,Sun Sep 30 07:50:46 +0000 2018,-0.5994,0.0,0.794,0.206,22,"The death toll from an earthquake and tsunami now exceeds 830 people,  Indonesian officials say.‚Ä¶ https://t.co/4qMtFf6m5O"
CNN,Sun Sep 30 07:31:00 +0000 2018,0.1531,0.118,0.882,0.0,23,Watch a seal slap a kayaker in the face -- with an octopus: https://t.co/o5zJ8GhVv8 https://t.co/44ucQCMCKB
CNN,Sun Sep 30 07:01:05 +0000 2018,0.0,0.0,1.0,0.0,24,Cutting-edge research on an ancient mummy shows that Egyptians were embalming bodies in prehistoric times https://t.co/GIhkkA68XQ
CNN,Sun Sep 30 06:31:00 +0000 2018,0.7351,0.36,0.64,0.0,25,"This 7-year-old girl wowed a crowd with a stunning rendition of the ""Star-Spangled Banner"" https://t.co/MzQnkXqx53"
CNN,Sun Sep 30 06:01:07 +0000 2018,0.0,0.0,1.0,0.0,26,"Scientists may have uncovered an entire new whale species that lived millions of years ago. 

Bones found at a land‚Ä¶ https://t.co/KaG3tJxcPs"
CNN,Sun Sep 30 05:46:05 +0000 2018,0.0,0.0,1.0,0.0,27,"Days ago, residents in a community north of St. Louis got some news that they've long wanted to hear. Radioactive m‚Ä¶ https://t.co/swmxWH3MSH"
CNN,Sun Sep 30 05:31:00 +0000 2018,0.2732,0.116,0.884,0.0,28,Former presidential candidate Hillary Clinton made a surprise appearance in the first episode of the 'Murphy Brown'‚Ä¶ https://t.co/owLc7OvGKP
CNN,Sun Sep 30 05:16:05 +0000 2018,0.3612,0.106,0.894,0.0,29,Tom Hanks is ready to be your neighbor -- as Mister Rogers in an upcoming and as-yet-untitled film about the childr‚Ä¶ https://t.co/N6rKE63Iik
CNN,Sun Sep 30 05:01:00 +0000 2018,0.0,0.0,1.0,0.0,30,300 glowing drones illuminate the night sky in this choreographed spectacle https://t.co/B2RhWXTnHV https://t.co/CjWifh0P0i
CNN,Sun Sep 30 04:46:02 +0000 2018,0.4588,0.13,0.87,0.0,31,This custodian has been spreading kindness at Bristol University for more than 11 years so students at the school l‚Ä¶ https://t.co/PPINKQs66p
CNN,Sun Sep 30 04:31:00 +0000 2018,0.0,0.0,1.0,0.0,32,Meet DJ Switch: A 10-year-old girl from Ghana who wants to be a gynecologist when she grows up. Erica Armah Bra-Bul‚Ä¶ https://t.co/xxBEDzxlD9
CNN,Sun Sep 30 04:16:00 +0000 2018,0.0,0.0,1.0,0.0,33,"What has two heads, is extremely rare and doesn't have a long life expectancy?

This two-headed baby copperhead, wh‚Ä¶ https://t.co/UmdU9G7kOj"
CNN,Sun Sep 30 04:01:04 +0000 2018,-0.2732,0.0,0.905,0.095,34,"Ted Turner is battling Lewy body dementia, the CNN founder revealed in an interview that will air over the weekend‚Ä¶ https://t.co/mjUlSYrDlb"
CNN,Sun Sep 30 03:30:23 +0000 2018,0.0,0.0,1.0,0.0,35,"The oldest known animal in the geological record has been identified, in a discovery that scientists are calling ""t‚Ä¶ https://t.co/s8adwFD2pS"
CNN,Sun Sep 30 03:00:06 +0000 2018,0.0,0.0,1.0,0.0,36,Several Southern California high school students face disciplinary action after spelling out a racial slur with let‚Ä¶ https://t.co/2goay3zfXq
CNN,Sun Sep 30 02:32:25 +0000 2018,-0.1779,0.0,0.922,0.078,37,A long-lost warship has been discovered off the coast of China after an extensive hunt to track down relics from fr‚Ä¶ https://t.co/JCoIJmFVGv
CNN,Sun Sep 30 02:00:13 +0000 2018,0.5994,0.234,0.766,0.0,38,"SiriusXM is buying Pandora in a $3.5 billion deal, which will create the world's largest audio entertainment compan‚Ä¶ https://t.co/mHXQZC5D4q"
CNN,Sun Sep 30 01:00:08 +0000 2018,0.2263,0.147,0.853,0.0,39,Only these 8 states require sex education classes to mention consent https://t.co/joJ5Fkhkan https://t.co/3VmFDbGc5L
CNN,Sun Sep 30 00:31:16 +0000 2018,0.4404,0.187,0.813,0.0,40,Hillary Clinton made a surprise appearance in the first episode of the 'Murphy Brown' revival -- playing a woman in‚Ä¶ https://t.co/CaXmdL9s9b
CNN,Sun Sep 30 00:00:11 +0000 2018,-0.5267,0.0,0.804,0.196,41,The attack on Facebook that exposed nearly 50 million users' information is the largest hack ever for the company‚Ä¶ https://t.co/T2vOGRm0Ry
CNN,Sat Sep 29 23:11:11 +0000 2018,0.2263,0.091,0.909,0.0,42,North Carolina is among the 8 states that require sex education classes to mention consent. A map in an earlier twe‚Ä¶ https://t.co/GUCQpYwvBA
CNN,Sat Sep 29 23:00:09 +0000 2018,-0.4019,0.064,0.788,0.148,43,"A 13-year-old boy was attacked Saturday by a shark while diving for lobsters in waters off Encinitas, California, a‚Ä¶ https://t.co/jNMREHePwO"
CNN,Sat Sep 29 22:45:07 +0000 2018,0.1027,0.128,0.765,0.107,44,"Alas, an asteroid shaped like a skull is NOT going to zip by Earth this Halloween https://t.co/Va32inAu8z https://t.co/fYHvcOm0Bt"
CNN,Sat Sep 29 22:30:11 +0000 2018,0.0,0.0,1.0,0.0,45,"Nearly two years to the day after its inaugural march, thousands are expected to take to the streets again early ne‚Ä¶ https://t.co/dzj1GMnykd"
CNN,Sat Sep 29 22:00:10 +0000 2018,0.1027,0.085,0.849,0.066,46,"JUST IN: Elon Musk agrees to pay $20 million and quit as Tesla chairman in deal with SEC
https://t.co/SIweOPR39g https://t.co/fluv7kgynH"
CNN,Sat Sep 29 22:00:07 +0000 2018,0.0,0.0,1.0,0.0,47,"Meet the ""Hurricane Cowboy"" who's rescuing animals in Florence's aftermath https://t.co/RkgzcXnl3A https://t.co/KgBHD2Pnbk"
CNN,Sat Sep 29 21:46:03 +0000 2018,-0.3612,0.0,0.894,0.106,48,Alyssa Milano says that while it was difficult to be in the room when Brett Kavanaugh and Christine Blasey Ford tes‚Ä¶ https://t.co/dBXUbdEekE
CNN,Sat Sep 29 21:28:04 +0000 2018,0.5574,0.205,0.795,0.0,49,Jeff Flake's moment: How a reliable conservative cast Brett Kavanaugh's Supreme Court confirmation into doubt‚Ä¶ https://t.co/wAvxOyw2ul
CNN,Sat Sep 29 21:14:21 +0000 2018,-0.2023,0.0,0.913,0.087,50,Watch a rare gulper eel change its shape right before your eyes -- a unique method it uses to intimidate predators‚Ä¶ https://t.co/HgiqqNBfto
CNN,Sat Sep 29 21:00:10 +0000 2018,-0.2023,0.065,0.833,0.102,51,"The FBI has reached out to Deborah Ramirez, who has accused Brett Kavanaugh of inappropriate sexual behavior when t‚Ä¶ https://t.co/WEbuyKazm7"
CNN,Sat Sep 29 20:31:05 +0000 2018,0.1027,0.16,0.7,0.14,52,Why the world's leaders may regret laughing at Donald Trump | By Nic Robertson for @CNNOpinion‚Ä¶ https://t.co/OSqC3AWTmf
CNN,Sat Sep 29 20:00:31 +0000 2018,0.2942,0.154,0.846,0.0,53,"""What is... yes?"" A ""Jeopardy!"" contestant surprised his girlfriend with a marriage proposal https://t.co/65FSnOOE7M https://t.co/O5nJzZCYM8"
CNN,Sat Sep 29 19:31:06 +0000 2018,-0.4588,0.0,0.885,0.115,54,"Ciham Ali Ahmed was imprisoned at 15 years old. Now six years later, her family says they don't know where she is o‚Ä¶ https://t.co/07xI3uUH7M"
CNN,Sat Sep 29 19:00:30 +0000 2018,-0.6486,0.0,0.798,0.202,55,"It‚Äôs a devastating scene, and the reality of so many parents addicted to drugs. @lisaling gives us a heartbreaking‚Ä¶ https://t.co/sXEhUoMmu6"
CNN,Sat Sep 29 18:31:05 +0000 2018,0.2263,0.147,0.853,0.0,56,Only these 8 states require sex education classes to mention consent https://t.co/iEMukcvLni https://t.co/tSeUG8ez0x
CNN,Sat Sep 29 18:00:36 +0000 2018,0.6597,0.252,0.748,0.0,57,"Called ""The Passion Diamond Shoes"", these gold and diamond-encrusted stilettos are believed to be the world's most‚Ä¶ https://t.co/zjDnYO6jGI"
CNN,Sat Sep 29 17:30:38 +0000 2018,-0.4019,0.0,0.863,0.137,58,"She learned to swim at age 50 and now has 271 medals. Oh, and she's blind. https://t.co/sSLpHYEdqC https://t.co/5iguBTXFez"
CNN,Sat Sep 29 17:20:08 +0000 2018,-0.6705,0.0,0.769,0.231,59,"Two police officers were killed in a shootout early Saturday in Brookhaven, Mississippi, a state official said. https://t.co/sWEwLdiMHf"
CNN,Sat Sep 29 16:30:13 +0000 2018,0.4019,0.153,0.847,0.0,60,"A 33-year-old vet went to the VA for help. Hours later, he took his own life. https://t.co/Fv9cfLdrE9"
CNN,Sat Sep 29 16:00:10 +0000 2018,-0.7906,0.0,0.667,0.333,61,At least 384 are dead and hundreds injured after a tsunami and earthquake in Indonesia https://t.co/6QMEFJopLb https://t.co/IYCYKfCIUU
CNN,Sat Sep 29 15:46:07 +0000 2018,0.4939,0.158,0.842,0.0,62,"Leland Ingham Keyser, a friend of Christine Blasey Ford, is not refuting Ford's allegation and will cooperate with‚Ä¶ https://t.co/TJafi07Kia"
CNN,Sat Sep 29 15:17:19 +0000 2018,0.0,0.0,1.0,0.0,63,Typhoon Trami is unleashing heavy winds and rain on southern Japan as it slowly marches toward the nation's main is‚Ä¶ https://t.co/6mrQrfOpXW
CNN,Sat Sep 29 14:01:06 +0000 2018,0.1779,0.234,0.52,0.245,64,"A Mediterranean diet -- rich in vegetables, fruits, nuts and fish -- could help lower a person's risk of depression‚Ä¶ https://t.co/qsWWdCkbp1"
CNN,Sat Sep 29 13:46:06 +0000 2018,-0.7003,0.055,0.703,0.242,65,Shockwaves from the massive bombing raids during World War II reached the edge of space and weakened the Earth's up‚Ä¶ https://t.co/8KgMQNawGx
CNN,Sat Sep 29 13:31:00 +0000 2018,0.2732,0.116,0.884,0.0,66,Former presidential candidate Hillary Clinton made a surprise appearance in the first episode of the 'Murphy Brown'‚Ä¶ https://t.co/4LW4920YfF
CNN,Sat Sep 29 13:16:03 +0000 2018,-0.3182,0.0,0.887,0.113,67,"Is Emmanuel Macron the new Tony Blair -- lauded abroad, mocked at home? | Analysis by CNN's Melissa Bell‚Ä¶ https://t.co/Qss2RgsvMs"
CNN,Sat Sep 29 13:01:12 +0000 2018,-0.7717,0.0,0.691,0.309,68,"A dog lost part of her skull to cancer, so researchers 3D-printed a plate to replace it https://t.co/SxpvzKORbT https://t.co/UESQOryY0Y"
CNN,Sat Sep 29 12:46:06 +0000 2018,0.34,0.159,0.841,0.0,69,"""Millions of Americans could follow live something that looked like a search for truth, but only on the surface. ..‚Ä¶ https://t.co/nAkVIZdR96"
CNN,Sat Sep 29 12:31:00 +0000 2018,-0.1779,0.0,0.922,0.078,70,A long-lost warship has been discovered off the coast of China after an extensive hunt to track down relics from fr‚Ä¶ https://t.co/NLz9VFBdx5
CNN,Sat Sep 29 12:16:05 +0000 2018,0.25,0.124,0.796,0.08,71,One of the women who confronted Sen. Jeff Flake in a Capitol elevator Friday said she hopes other Republican senato‚Ä¶ https://t.co/GL6sJnfjpG
CNN,Sat Sep 29 12:00:24 +0000 2018,0.6124,0.25,0.75,0.0,72,"Instagram-friendly food. Yes, please. #NoFilter. Travel to Asturias, Spain on an all-new #PartsUnknown, Sunday at 9‚Ä¶ https://t.co/4uAoNu4idr"
CNN,Sat Sep 29 11:46:03 +0000 2018,0.5574,0.205,0.795,0.0,73,Jeff Flake's moment: How a reliable conservative cast Brett Kavanaugh's Supreme Court confirmation into doubt‚Ä¶ https://t.co/DIRC09z8tk
CNN,Sat Sep 29 11:31:00 +0000 2018,0.0,0.0,1.0,0.0,74,Meet DJ Switch: A 10-year-old girl from Ghana who wants to be a gynecologist when she grows up. Erica Armah Bra-Bul‚Ä¶ https://t.co/PyxMF661f6
CNN,Sat Sep 29 11:16:02 +0000 2018,-0.5719,0.0,0.85,0.15,75,An American flag shown on a livestream as it was shredded by the fury of Hurricane Florence is being auctioned to h‚Ä¶ https://t.co/8WsJqWsBnN
CNN,Sat Sep 29 11:01:05 +0000 2018,0.0,0.0,1.0,0.0,76,Cutting-edge research on an ancient mummy shows that Egyptians were embalming bodies in prehistoric times https://t.co/GwmUQHSQW0
CNN,Sat Sep 29 11:01:00 +0000 2018,0.5719,0.198,0.802,0.0,77,This Ohio town celebrated Christmas a few months early this year for a 2-year-old with brain cancer‚Ä¶ https://t.co/FIO0Ia2eWO
CNN,Sat Sep 29 10:46:02 +0000 2018,-0.7351,0.0,0.744,0.256,78,"An estimated 80,000 Americans died of flu and its complications last winter, the CDC says, making it the deadliest‚Ä¶ https://t.co/S9vUosYzPB"
CNN,Sat Sep 29 10:31:00 +0000 2018,0.2732,0.104,0.896,0.0,79,SiriusXM is buying Pandora in a $3.5 billion all-stock deal. The deal will create the world's largest audio enterta‚Ä¶ https://t.co/pBImRwJDun
CNN,Sat Sep 29 10:16:23 +0000 2018,-0.7871,0.0,0.638,0.362,80,4-year-old Florence didn't like sharing her name with a bad hurricane. So she did something about it.‚Ä¶ https://t.co/xyubP5kQJJ
CNN,Sat Sep 29 10:01:03 +0000 2018,0.0,0.0,1.0,0.0,81,"A newly discovered dinosaur species that's believed to have weighed 26,000 pounds was the largest land animal of it‚Ä¶ https://t.co/9ECuIOr32E"
CNN,Sat Sep 29 09:46:06 +0000 2018,-0.4588,0.138,0.592,0.27,82,A health crisis turned this Trump voter into a Democrat supporter https://t.co/6fbxhN0Gq3 https://t.co/Pa6ykEVDGy
CNN,Sat Sep 29 09:31:00 +0000 2018,0.7351,0.36,0.64,0.0,83,"This 7-year-old girl wowed a crowd with a stunning rendition of the ""Star-Spangled Banner"" https://t.co/pSUda8DlDK"
CNN,Sat Sep 29 09:16:04 +0000 2018,0.0,0.0,1.0,0.0,84,"Researchers used a gene editing tool to wipe out a population of malaria-carrying mosquitoes in a lab, raising the‚Ä¶ https://t.co/8CBwo1R2MV"
CNN,Sat Sep 29 09:01:04 +0000 2018,0.0,0.0,1.0,0.0,85,Here's what Jeff Flake just did -- and what it means for Brett Kavanaugh | Analysis by @CillizzaCNN‚Ä¶ https://t.co/JCySrc71ZI
CNN,Sat Sep 29 08:46:05 +0000 2018,0.3612,0.106,0.894,0.0,86,Tom Hanks is ready to be your neighbor -- as Mister Rogers in an upcoming and as-yet-untitled film about the childr‚Ä¶ https://t.co/7eSkMCA6HC
CNN,Sat Sep 29 08:32:00 +0000 2018,0.4215,0.149,0.851,0.0,87,Rescuers scrambled to find survivors after a powerful earthquake hit the Indonesian island of Sulawesi and triggere‚Ä¶ https://t.co/7RA9NcPQgT
CNN,Sat Sep 29 08:31:00 +0000 2018,-0.2023,0.0,0.913,0.087,88,Watch a rare gulper eel change its shape right before your eyes -- a unique method it uses to intimidate predators‚Ä¶ https://t.co/nzC3Cnofq9
CNN,Sat Sep 29 08:16:02 +0000 2018,0.0,0.0,1.0,0.0,89,The first case of rat hepatitis E has been discovered in a human https://t.co/lvjXReLtiT https://t.co/lX83xliAkt
CNN,Sat Sep 29 08:01:06 +0000 2018,0.0,0.0,1.0,0.0,90,"He was the only one in his family to survive the Holocaust, and he's pushing Oregon state legislators to mandate th‚Ä¶ https://t.co/WzvGKIqO9Q"
CNN,Sat Sep 29 07:46:06 +0000 2018,0.0,0.0,1.0,0.0,91,"With six months to go before Britain formally leaves the European Union, Brexit has never looked more baffling | An‚Ä¶ https://t.co/LyMCpo7ZsR"
CNN,Sat Sep 29 07:31:00 +0000 2018,-0.4019,0.0,0.863,0.137,92,"She learned to swim at age 50 and now has 271 medals. Oh, and she's blind. https://t.co/6aE9ZfLp25 https://t.co/enpatLCJkN"
CNN,Sat Sep 29 07:16:06 +0000 2018,-0.2263,0.07,0.811,0.119,93,"China challenges Trump, saying the country will not be ""blackmailed or yield to pressure"" on trade‚Ä¶ https://t.co/gioWFMYrzQ"
CNN,Sat Sep 29 07:06:02 +0000 2018,0.0,0.0,1.0,0.0,94,Residents in a community north of St. Louis got some news this week they've long wanted to hear. Radioactive materi‚Ä¶ https://t.co/iKftNAfkCR
CNN,Sat Sep 29 07:01:07 +0000 2018,0.0,0.0,1.0,0.0,95,"Scientists may have uncovered an entire new whale species that lived millions of years ago. 

Bones found at a land‚Ä¶ https://t.co/CPEci8kHtP"
CNN,Sat Sep 29 06:46:02 +0000 2018,0.0,0.0,1.0,0.0,96,Alexandria Ocasio-Cortez and Bernie Sanders are two of the biggest names in Democratic politics. Watch The Point wi‚Ä¶ https://t.co/LU0hTZLkS6
CNN,Sat Sep 29 06:31:00 +0000 2018,0.6597,0.252,0.748,0.0,97,"Called ""The Passion Diamond Shoes"", these gold and diamond-encrusted stilettos are believed to be the world's most‚Ä¶ https://t.co/SlWbYMBAVM"
CNN,Sat Sep 29 06:21:01 +0000 2018,-0.91,0.0,0.545,0.455,98,Federal prosecutors will seek the death penalty against the suspect in New York's deadliest terror incident since 9‚Ä¶ https://t.co/ThwUJ8LqTj
CNN,Sat Sep 29 06:16:04 +0000 2018,0.6901,0.24,0.76,0.0,99,"76% percent of registered voters say that Supreme Court appointments are ""very important"" to their vote in 2018, a‚Ä¶ https://t.co/nFA4qx6dBP"
CNN,Sat Sep 29 06:06:04 +0000 2018,-0.2023,0.0,0.917,0.083,100,"""I wanted him to be a hero,"" says one of the women who confronted Arizona Sen. Jeff Flake in a Capitol elevator https://t.co/lmupJy9O9D"
FoxNews,Sun Sep 30 08:21:00 +0000 2018,-0.4767,0.0,0.86,0.14,1,"Steve Hilton: ""Just as we're moving in the right direction on gender equality, we're moving in the wrong direction‚Ä¶ https://t.co/2o3tOgzGIn"
FoxNews,Sun Sep 30 08:15:00 +0000 2018,0.7351,0.237,0.763,0.0,2,Peter Navarro: ‚ÄúMost of the big issues are solved with Canada. It‚Äôs a great deal for all three countries in that it‚Ä¶ https://t.co/skckszOgD2
FoxNews,Sun Sep 30 08:07:00 +0000 2018,-0.4767,0.093,0.734,0.174,3,Angelica Cervantes‚Äô son Erick Silva was among 58 killed in the Las Vegas mass shooting. He was a security guard at‚Ä¶ https://t.co/2hw7nYuSBK
FoxNews,Sun Sep 30 08:00:00 +0000 2018,-0.3412,0.0,0.901,0.099,4,"Peter Navarro: ‚ÄúAt the end of the day, this president is not going to take a deal that‚Äôs not good for this county.‚Äù https://t.co/SrMapfHqpu"
FoxNews,Sun Sep 30 07:45:00 +0000 2018,-0.2023,0.0,0.899,0.101,5,"President @realDonaldTrump: ""They wanna fight that wall for political purposes. But we're building it...we'll get i‚Ä¶ https://t.co/3VjFY7t3dF"
FoxNews,Sun Sep 30 07:37:00 +0000 2018,-0.5423,0.0,0.609,0.391,6,Fisherman cuts shark loose; shark chomps outboard motor https://t.co/Vltsh4t8vh
FoxNews,Sun Sep 30 07:30:00 +0000 2018,0.7579,0.394,0.606,0.0,7,".@POTUS: ""America is winning again and America is respected again."" https://t.co/Hb6tsSeyTI https://t.co/nZI53YcRNN"
FoxNews,Sun Sep 30 07:22:00 +0000 2018,0.0,0.0,1.0,0.0,8,Kavanaugh accuser Julie Swetnick faced own misconduct allegations at past job with tech firm: reports https://t.co/05PXennFtz
FoxNews,Sun Sep 30 07:15:00 +0000 2018,0.0,0.0,1.0,0.0,9,"President @realDonaldTrump, speaking on voting in the midterms at a rally in West Virginia: ""If you aren't register‚Ä¶ https://t.co/FH8fxAPBao"
FoxNews,Sun Sep 30 07:07:00 +0000 2018,0.8902,0.413,0.587,0.0,10,GREAT ESCAPE: Dog in Virginia Beach possibly 'clawed' its way out of plastic bag prior to rescue https://t.co/gvv7K7w1K0
FoxNews,Sun Sep 30 07:00:00 +0000 2018,0.0,0.0,1.0,0.0,11,"President @realDonaldTrump on trade relations with China: ""And they either open it up to make it fair...or we just‚Ä¶ https://t.co/7DpmsQyMg3"
FoxNews,Sun Sep 30 06:52:00 +0000 2018,0.0,0.0,1.0,0.0,12,White House limits FBI's Kavanaugh inquiry to 2 of 3 accusers: report https://t.co/labjueZ3l4
FoxNews,Sun Sep 30 06:45:00 +0000 2018,0.7073,0.245,0.755,0.0,13,".@POTUS on North Korea: ""Now we have this great relationship, let's see what happens."" https://t.co/Hb6tsSw9Lg https://t.co/3Grtt5AhIk"
FoxNews,Sun Sep 30 06:37:00 +0000 2018,-0.3182,0.0,0.813,0.187,14,Cassidy: FBI Should Investigate Dems' Efforts to Delay Kavanaugh Confirmation https://t.co/uGQtDmHwsl
FoxNews,Sun Sep 30 06:30:00 +0000 2018,0.7906,0.304,0.696,0.0,15,"Rep. @DevinNunes: ""When you take a Supreme Court justice, and you have senators talking about high school yearbooks‚Ä¶ https://t.co/N5rq3rHXkb"
FoxNews,Sun Sep 30 06:22:00 +0000 2018,0.3818,0.115,0.885,0.0,16,"The city of Irvine, California, is using goats to clear brush and invasive plants from public land, which reduces f‚Ä¶ https://t.co/6FPWuON95S"
FoxNews,Sun Sep 30 06:15:00 +0000 2018,0.0,0.0,1.0,0.0,17,".@JudgeJeanine: ""The establishment Republicans have buckled, caved and bowed to the Democrats."" https://t.co/dqOElqc9sp"
FoxNews,Sun Sep 30 06:09:00 +0000 2018,0.0,0.0,1.0,0.0,18,Joanna Gaines and Jenna Bush Hager attend @RWitherspoon's book launch in Texas https://t.co/VHNMtBnCi3
FoxNews,Sun Sep 30 06:02:00 +0000 2018,-0.6369,0.0,0.729,0.271,19,"President @realDonaldTrump defends Kavanaugh, derides Dems for shameful conduct: ‚ÄòBad things will happen‚Äô if voters‚Ä¶ https://t.co/g3HuxLHTyr"
FoxNews,Sun Sep 30 05:55:00 +0000 2018,0.7906,0.438,0.562,0.0,20,"President @realDonaldTrump on Kavanaugh: ""He's a good man. He's a great judge."" https://t.co/MRxvWruT5S"
FoxNews,Sun Sep 30 08:21:00 +0000 2018,-0.4767,0.0,0.86,0.14,21,"Steve Hilton: ""Just as we're moving in the right direction on gender equality, we're moving in the wrong direction‚Ä¶ https://t.co/2o3tOgzGIn"
FoxNews,Sun Sep 30 08:15:00 +0000 2018,0.7351,0.237,0.763,0.0,22,Peter Navarro: ‚ÄúMost of the big issues are solved with Canada. It‚Äôs a great deal for all three countries in that it‚Ä¶ https://t.co/skckszOgD2
FoxNews,Sun Sep 30 08:07:00 +0000 2018,-0.4767,0.093,0.734,0.174,23,Angelica Cervantes‚Äô son Erick Silva was among 58 killed in the Las Vegas mass shooting. He was a security guard at‚Ä¶ https://t.co/2hw7nYuSBK
FoxNews,Sun Sep 30 08:00:00 +0000 2018,-0.3412,0.0,0.901,0.099,24,"Peter Navarro: ‚ÄúAt the end of the day, this president is not going to take a deal that‚Äôs not good for this county.‚Äù https://t.co/SrMapfHqpu"
FoxNews,Sun Sep 30 07:45:00 +0000 2018,-0.2023,0.0,0.899,0.101,25,"President @realDonaldTrump: ""They wanna fight that wall for political purposes. But we're building it...we'll get i‚Ä¶ https://t.co/3VjFY7t3dF"
FoxNews,Sun Sep 30 07:37:00 +0000 2018,-0.5423,0.0,0.609,0.391,26,Fisherman cuts shark loose; shark chomps outboard motor https://t.co/Vltsh4t8vh
FoxNews,Sun Sep 30 07:30:00 +0000 2018,0.7579,0.394,0.606,0.0,27,".@POTUS: ""America is winning again and America is respected again."" https://t.co/Hb6tsSeyTI https://t.co/nZI53YcRNN"
FoxNews,Sun Sep 30 07:22:00 +0000 2018,0.0,0.0,1.0,0.0,28,Kavanaugh accuser Julie Swetnick faced own misconduct allegations at past job with tech firm: reports https://t.co/05PXennFtz
FoxNews,Sun Sep 30 07:15:00 +0000 2018,0.0,0.0,1.0,0.0,29,"President @realDonaldTrump, speaking on voting in the midterms at a rally in West Virginia: ""If you aren't register‚Ä¶ https://t.co/FH8fxAPBao"
FoxNews,Sun Sep 30 07:07:00 +0000 2018,0.8902,0.413,0.587,0.0,30,GREAT ESCAPE: Dog in Virginia Beach possibly 'clawed' its way out of plastic bag prior to rescue https://t.co/gvv7K7w1K0
FoxNews,Sun Sep 30 07:00:00 +0000 2018,0.0,0.0,1.0,0.0,31,"President @realDonaldTrump on trade relations with China: ""And they either open it up to make it fair...or we just‚Ä¶ https://t.co/7DpmsQyMg3"
FoxNews,Sun Sep 30 06:52:00 +0000 2018,0.0,0.0,1.0,0.0,32,White House limits FBI's Kavanaugh inquiry to 2 of 3 accusers: report https://t.co/labjueZ3l4
FoxNews,Sun Sep 30 06:45:00 +0000 2018,0.7073,0.245,0.755,0.0,33,".@POTUS on North Korea: ""Now we have this great relationship, let's see what happens."" https://t.co/Hb6tsSw9Lg https://t.co/3Grtt5AhIk"
FoxNews,Sun Sep 30 06:37:00 +0000 2018,-0.3182,0.0,0.813,0.187,34,Cassidy: FBI Should Investigate Dems' Efforts to Delay Kavanaugh Confirmation https://t.co/uGQtDmHwsl
FoxNews,Sun Sep 30 06:30:00 +0000 2018,0.7906,0.304,0.696,0.0,35,"Rep. @DevinNunes: ""When you take a Supreme Court justice, and you have senators talking about high school yearbooks‚Ä¶ https://t.co/N5rq3rHXkb"
FoxNews,Sun Sep 30 06:22:00 +0000 2018,0.3818,0.115,0.885,0.0,36,"The city of Irvine, California, is using goats to clear brush and invasive plants from public land, which reduces f‚Ä¶ https://t.co/6FPWuON95S"
FoxNews,Sun Sep 30 06:15:00 +0000 2018,0.0,0.0,1.0,0.0,37,".@JudgeJeanine: ""The establishment Republicans have buckled, caved and bowed to the Democrats."" https://t.co/dqOElqc9sp"
FoxNews,Sun Sep 30 06:09:00 +0000 2018,0.0,0.0,1.0,0.0,38,Joanna Gaines and Jenna Bush Hager attend @RWitherspoon's book launch in Texas https://t.co/VHNMtBnCi3
FoxNews,Sun Sep 30 06:02:00 +0000 2018,-0.6369,0.0,0.729,0.271,39,"President @realDonaldTrump defends Kavanaugh, derides Dems for shameful conduct: ‚ÄòBad things will happen‚Äô if voters‚Ä¶ https://t.co/g3HuxLHTyr"
FoxNews,Sun Sep 30 05:55:00 +0000 2018,0.7906,0.438,0.562,0.0,40,"President @realDonaldTrump on Kavanaugh: ""He's a good man. He's a great judge."" https://t.co/MRxvWruT5S"
FoxNews,Sun Sep 30 05:48:00 +0000 2018,0.0,0.0,1.0,0.0,41,'Saturday Night Live' premiere features Matt Damon as Brett Kavanaugh https://t.co/eyDz6TVTKl
FoxNews,Sun Sep 30 05:41:00 +0000 2018,0.0,0.0,1.0,0.0,42,"President @realDonaldTrump: ""Republicans believe America should be a sanctuary for law abiding Americans, not crimi‚Ä¶ https://t.co/ZdrOXbx0v3"
FoxNews,Sun Sep 30 05:34:00 +0000 2018,0.0,0.0,1.0,0.0,43,.@NancyPelosi Calls Republicans 'Despicable' in Fundraising Email https://t.co/z3SG4tWs2N
FoxNews,Sun Sep 30 05:27:00 +0000 2018,0.0,0.0,1.0,0.0,44,"President @realDonaldTrump on Sen. @CoryBooker: ""He ran Newark, New Jersey, into the ground and now he wants to be‚Ä¶ https://t.co/3fJPYfx8cO"
FoxNews,Sun Sep 30 05:20:00 +0000 2018,-0.296,0.124,0.693,0.183,45,.@LindseyGrahamSC says McCain's anger at Kavanaugh hearing 'would have made me look like a choir boy' https://t.co/YYpdwDtHuH
FoxNews,Sun Sep 30 05:13:00 +0000 2018,0.5106,0.171,0.829,0.0,46,"President @realDonaldTrump speaking Saturday on the FBI investigation into Judge Kavanaugh: ""They have free rein. T‚Ä¶ https://t.co/WulwGm8b92"
FoxNews,Sun Sep 30 05:06:00 +0000 2018,0.0,0.0,1.0,0.0,47,"Despite ‚ÄúLast Man Standing‚Äù having a right-leaning lead, @ofctimallen says the only goal of the series is deliverin‚Ä¶ https://t.co/Fb9Aakel0W"
FoxNews,Sun Sep 30 04:59:00 +0000 2018,0.0,0.0,1.0,0.0,48,"President @realDonaldTrump: ""Together we are taking back our country, and returning power to where it belongs ‚Äî to‚Ä¶ https://t.co/geBVTkIr2n"
FoxNews,Sun Sep 30 04:52:00 +0000 2018,-0.4588,0.0,0.8,0.2,49,"'Parent Trap' ‚Äî @lindsaylohan  gets punched in the face after accusing refugee parents of trafficking, trying to ta‚Ä¶ https://t.co/mYKVJk7lZ7"
FoxNews,Sun Sep 30 04:45:00 +0000 2018,-0.4131,0.089,0.745,0.166,50,".@POTUS on @SenFeinstein's response that she didn't leak the Ford document: ""That was really bad body language. Who‚Ä¶ https://t.co/Lq1lJCgQiD"
FoxNews,Sun Sep 30 04:37:00 +0000 2018,-0.296,0.0,0.804,0.196,51,#Florida mom claims newborn mistakenly breastfed by another woman https://t.co/WVlNMizcI7
FoxNews,Sun Sep 30 04:30:00 +0000 2018,0.0,0.0,1.0,0.0,52,".@POTUS on the border wall: ""We're building it...we'll get it finished."" https://t.co/ILfnamUhPA"
FoxNews,Sun Sep 30 04:22:00 +0000 2018,0.6369,0.296,0.704,0.0,53,Where to see the best fall foliage across the country https://t.co/mLmPsBMvC1
FoxNews,Sun Sep 30 04:15:00 +0000 2018,0.4927,0.151,0.849,0.0,54,"President @realDonaldTrump: ""A vote to confirm Judge Kavanaugh is a vote to confirm one of the most accomplished le‚Ä¶ https://t.co/AJMQc3DtPv"
FoxNews,Sun Sep 30 04:08:01 +0000 2018,0.3612,0.143,0.857,0.0,55,.@kayleighmcenany: Kavanaugh hearing is what Washington will look like if Democrats take back power (via‚Ä¶ https://t.co/Vu1nUwpmHa
FoxNews,Sun Sep 30 04:01:00 +0000 2018,0.0,0.0,1.0,0.0,56,".@POTUS addressed the FBI investigation into Judge Kavanaugh Saturday: ""Well, I think it's fine...Actually, this co‚Ä¶ https://t.co/fOna8ZxKoa"
FoxNews,Sun Sep 30 04:00:00 +0000 2018,0.0191,0.073,0.858,0.069,57,TODAY: Don't miss @PressSec's exclusive interview on @FoxNewsSunday. Check your local listings and tune in at 2p an‚Ä¶ https://t.co/Vuk00E6qVp
FoxNews,Sun Sep 30 03:54:00 +0000 2018,-0.4939,0.0,0.824,0.176,58,"Indonesian men survey the damage following earthquakes and a tsunami in Palu, Central Sulawesi, Indonesia, Saturday‚Ä¶ https://t.co/Y0mTblj3vE"
FoxNews,Sun Sep 30 03:45:00 +0000 2018,0.3384,0.146,0.854,0.0,59,".@POTUS on trade: ""China, we're taking them on very strongly. First time ever."" https://t.co/Hb6tsSeyTI https://t.co/hTX7VkH7TH"
FoxNews,Sun Sep 30 03:38:00 +0000 2018,0.3182,0.187,0.813,0.0,60,Fan hits @Yankees' @Giancarlo818 Stanton with his own HR ball https://t.co/kBTwWsw58P
FoxNews,Sun Sep 30 03:30:01 +0000 2018,-0.5994,0.0,0.769,0.231,61,".@SebGorka: ""This is politics in 2018 and it should disgust all Americans."" @WattersWorld https://t.co/35lxzxgawp"
FoxNews,Sun Sep 30 03:24:00 +0000 2018,-0.5423,0.0,0.8,0.2,62,OPINION: Kavanaugh debate is exactly why our founders thought early voting was a bad idea https://t.co/pcmEtyjtOM
FoxNews,Sun Sep 30 03:15:00 +0000 2018,0.5386,0.181,0.764,0.055,63,"Steve Pomerantz: ‚ÄúThe FBI never reaches a conclusion, but hopefully they provide enough information within their re‚Ä¶ https://t.co/PFU7bSE0qM"
FoxNews,Sun Sep 30 03:08:00 +0000 2018,-0.6486,0.0,0.677,0.323,64,"Otis Rush, legendary Chicago blues guitarist, dead at 84 https://t.co/kN7Lm8Ahjx"
FoxNews,Sun Sep 30 03:00:00 +0000 2018,0.0,0.0,1.0,0.0,65,.@repcleaver: ‚ÄúWhat we saw yesterday was an undignified dogfight parading as a hearing.‚Äù https://t.co/9hpaLcIto4 https://t.co/SRkO9SRMP8
FoxNews,Sun Sep 30 02:52:00 +0000 2018,0.0,0.0,1.0,0.0,66,White House limits FBI's Kavanaugh inquiry to 2 of 3 accusers: report https://t.co/8qby1fYGiZ
FoxNews,Sun Sep 30 02:45:00 +0000 2018,-0.3412,0.0,0.901,0.099,67,"Peter Navarro: ‚ÄúAt the end of the day, this president is not going to take a deal that‚Äôs not good for this county.‚Äù https://t.co/RE9OEpOscU"
FoxNews,Sun Sep 30 02:38:00 +0000 2018,0.0,0.0,1.0,0.0,68,'Last Man Standing' star @ofctimallen says it's 'nobody's business' what he thinks about politics https://t.co/PYtsqdywPj
FoxNews,Sun Sep 30 02:31:00 +0000 2018,0.7351,0.237,0.763,0.0,69,Peter Navarro: ‚ÄúMost of the big issues are solved with Canada. It‚Äôs a great deal for all three countries in that it‚Ä¶ https://t.co/ixGvi92XtP
FoxNews,Sun Sep 30 02:22:00 +0000 2018,-0.5859,0.151,0.472,0.377,70,Barrier collapse at Global Citizen Festival in Central Park sends thousands into panic https://t.co/i5ynivjSMa
FoxNews,Sun Sep 30 02:15:00 +0000 2018,0.0,0.0,1.0,0.0,71,SUNDAY: Fox News goes inside the Kavanaugh nomination and next steps. Tune in for live coverage starting at 9p ET. https://t.co/Y7u1F70368
FoxNews,Sun Sep 30 02:10:00 +0000 2018,-0.5859,0.151,0.472,0.377,72,Barrier collapse at Global Citizen Festival in Central Park sends thousands into panic. https://t.co/i5yniv2hnA
FoxNews,Sun Sep 30 02:05:00 +0000 2018,-0.1779,0.215,0.585,0.2,73,Joshua Rogers: I tried to help two hostages escape terrorists. Here's what happened. (via @FoxNewsOpinion) https://t.co/01x6GfgGnC
FoxNews,Sun Sep 30 02:03:23 +0000 2018,0.0,0.0,1.0,0.0,74,.@POTUS arrives at Andrews Air Force Base after a rally in West Virginia.  https://t.co/HfnB2iPbHU
FoxNews,Sun Sep 30 02:00:00 +0000 2018,-0.5106,0.0,0.708,0.292,75,"Washington man gets prison for overharvesting sea cucumbers.
https://t.co/zx7hhdTHcs"
FoxNews,Sun Sep 30 01:55:35 +0000 2018,0.0,0.0,1.0,0.0,76,"David Wright walks off to long ovation in farewell game with the Mets.
https://t.co/0Tkgd7uvrF"
FoxNews,Sun Sep 30 01:43:00 +0000 2018,0.5919,0.212,0.788,0.0,77,"SUNDAY: Don't miss Kentucky Gov. @MattBevin on ""Life, Liberty and Levin"" hosted by @marklevinshow. Tune in at 11p E‚Ä¶ https://t.co/pBAGl2huuZ"
FoxNews,Sun Sep 30 01:40:00 +0000 2018,-0.296,0.118,0.708,0.175,78,Sen. @LindseyGrahamSC says McCain's anger at Kavanaugh hearing 'would have made me look like a choir boy' https://t.co/YYpdwDLimf
FoxNews,Sun Sep 30 01:30:00 +0000 2018,-0.25,0.12,0.696,0.184,79,"Shark attacks spark concern for Cape Cod beachgoers: 'They're eating our children'
https://t.co/ABVyrQGBj9"
FoxNews,Sun Sep 30 01:20:00 +0000 2018,0.6808,0.359,0.641,0.0,80,"Texas Senate race between @TedCruz, @BetoORourke generating excitement, boosting congressional races. https://t.co/mW9O5UiY4G"
FoxNews,Sun Sep 30 01:16:59 +0000 2018,0.7906,0.304,0.696,0.0,81,"Rep. @DevinNunes: ""When you take a Supreme Court justice, and you have senators talking about high school yearbooks‚Ä¶ https://t.co/Mi5ENqhUGo"
FoxNews,Sun Sep 30 01:11:31 +0000 2018,0.0,0.0,1.0,0.0,82,".@JudgeJeanine: ""The establishment Republicans have buckled, caved and bowed to the Democrats."" https://t.co/bR7nbTuMe4"
FoxNews,Sun Sep 30 01:05:00 +0000 2018,0.0,0.0,1.0,0.0,83,"Speaking with reporters at the @WhiteHouse before his departure to West Virginia for a rally Saturday, President‚Ä¶ https://t.co/jcHMMhpEsu"
FoxNews,Sun Sep 30 00:55:00 +0000 2018,0.0,0.0,1.0,0.0,84,"Russia, North Korea use UN General Assembly to blast US. https://t.co/xikiCMnDe5"
FoxNews,Sun Sep 30 00:51:15 +0000 2018,-0.5994,0.0,0.769,0.231,85,".@SebGorka: ""This is politics in 2018 and it should disgust all Americans."" @WattersWorld https://t.co/9nGcz8FNzN"
FoxNews,Sun Sep 30 00:46:54 +0000 2018,-0.6369,0.0,0.729,0.271,86,"Trump defends Kavanaugh, derides Dems for shameful conduct and socialist shift during West Virginia rally. https://t.co/qQm4MwmD95"
FoxNews,Sun Sep 30 00:42:04 +0000 2018,0.0,0.0,1.0,0.0,87,".@POTUS: ""Together we are taking back our country, and returning power to where it belongs‚Äîto the American people.""‚Ä¶ https://t.co/zSGySvpSJk"
FoxNews,Sun Sep 30 00:30:33 +0000 2018,0.7073,0.245,0.755,0.0,88,".@POTUS on North Korea: ""Now we have this great relationship, let's see what happens."" https://t.co/Hb6tsSeyTI https://t.co/q0AqhZB80g"
FoxNews,Sun Sep 30 00:22:19 +0000 2018,0.3384,0.146,0.854,0.0,89,".@POTUS on trade: ""China, we're taking them on very strongly. First time ever."" https://t.co/Hb6tsSeyTI https://t.co/h0fKLMScW6"
FoxNews,Sun Sep 30 00:18:09 +0000 2018,0.4168,0.165,0.835,0.0,90,".@POTUS: ""Republicans believe America should be a sanctuary for law abiding Americans, not criminal aliens.""‚Ä¶ https://t.co/DukJfuysuc"
FoxNews,Sun Sep 30 00:12:00 +0000 2018,-0.3182,0.0,0.874,0.126,91,"TOMORROW: @benshapiro breaks down the Kavanaugh accusations, the hearings and D.C. hypocrisy on the second edition‚Ä¶ https://t.co/fwJI1D3sLY"
FoxNews,Sun Sep 30 00:08:49 +0000 2018,0.0,0.0,1.0,0.0,92,".@POTUS on Sen. @CoryBooker: ""He ran Newark, New Jersey, into the ground and now he wants to be president.""‚Ä¶ https://t.co/TF1FLbmPKZ"
FoxNews,Sun Sep 30 00:02:10 +0000 2018,0.0,0.0,1.0,0.0,93,".@POTUS on the border wall: ""We're building it...we'll get it finished."" https://t.co/IBcnOJrLHo"
FoxNews,Sat Sep 29 23:41:58 +0000 2018,0.6087,0.199,0.801,0.0,94,".@POTUS: ""A vote to confirm Judge Kavanaugh is a vote to confirm one of the most accomplished legal minds of our ti‚Ä¶ https://t.co/YJqvAitmI1"
FoxNews,Sat Sep 29 23:36:35 +0000 2018,-0.4131,0.089,0.745,0.166,95,".@POTUS on @SenFeinstein's response that she didn't leak the Ford document: ""That was really bad body language. Who‚Ä¶ https://t.co/v5mi6skXKo"
FoxNews,Sat Sep 29 23:31:15 +0000 2018,0.7579,0.394,0.606,0.0,96,".@POTUS: ""America is winning again and America is respected again."" https://t.co/Hb6tsSeyTI https://t.co/ICF0xKg7Da"
FoxNews,Sat Sep 29 23:22:15 +0000 2018,0.0,0.0,1.0,0.0,97,.@POTUS holds a rally in West Virginia. https://t.co/SLhMJLDbjm https://t.co/XZtJHSYDmu
FoxNews,Sat Sep 29 23:20:00 +0000 2018,0.0,0.0,1.0,0.0,98,"NEW: White House instructs FBI to question first two Kavanaugh accusers, but not the third, according to a report. https://t.co/labjueHstw"
FoxNews,Sat Sep 29 23:15:00 +0000 2018,-0.296,0.0,0.804,0.196,99,"North Carolina residents should avoid Florence-affected waters, officials say. https://t.co/OJtMuNGD58"
FoxNews,Sat Sep 29 23:09:06 +0000 2018,0.4939,0.225,0.775,0.0,100,"'It Was Heartbreaking': Friend of Kavanaugh Reacts to Hearings, FBI Probe. https://t.co/ZDOJPImbEz"
nytimes,Sun Sep 30 08:17:26 +0000 2018,-0.296,0.0,0.761,0.239,1,No expensive equipment or fancy ingredients necessary https://t.co/R6IM2ySjhY
nytimes,Sun Sep 30 08:00:33 +0000 2018,0.6597,0.221,0.779,0.0,2,36 Hours in Montreal: This cosmopolitan city gives you the chance to tour streets filled with vibrant street art an‚Ä¶ https://t.co/alNBe3RN7B
nytimes,Sun Sep 30 07:44:25 +0000 2018,0.128,0.2,0.8,0.0,3,This artist's work challenges the idea that ceramics are necessarily delicate¬†https://t.co/BEbo9fDV7o
nytimes,Sun Sep 30 07:26:56 +0000 2018,0.4404,0.153,0.847,0.0,4,"""As Americans cram into ever-tighter urban living arrangements, a question has emerged: Isn‚Äôt there some better way‚Ä¶ https://t.co/cr6l1bfjAp"
nytimes,Sun Sep 30 07:09:29 +0000 2018,0.0,0.0,1.0,0.0,5,Colleges kept beer out of football stadiums for years. Now some of them are working to sell booze to fans so they d‚Ä¶ https://t.co/vaFslNZ1r3
nytimes,Sun Sep 30 06:53:20 +0000 2018,0.4215,0.149,0.851,0.0,6,The NFL is trying to make football safer. So why are its players wearing less padding? https://t.co/OLO9K5f7cl
nytimes,Sun Sep 30 06:37:09 +0000 2018,-0.5216,0.0,0.598,0.402,7,You were never second best https://t.co/ATplcP59kS
nytimes,Sun Sep 30 06:19:44 +0000 2018,0.0,0.0,1.0,0.0,8,letters: The Feminists and the Frat House https://t.co/4kORCydyIS
nytimes,Sun Sep 30 06:15:30 +0000 2018,0.0,0.0,1.0,0.0,9,"Kurt Vile's music is personal ‚Äî the ‚ÄúI‚Äù in his songs, he says, is almost always himself ‚Äî but not revealing https://t.co/MfHpIvkOuQ"
nytimes,Sun Sep 30 05:59:02 +0000 2018,-0.4939,0.0,0.819,0.181,10,"""As my summer of pop-ups dragged on, I began to dread my evenings. What began as a kicky story idea became a masoch‚Ä¶ https://t.co/87M6VIqdgQ"
nytimes,Sun Sep 30 05:42:23 +0000 2018,-0.3612,0.0,0.762,0.238,11,Are we born to be physically lazy? Probably. https://t.co/H22vGWszgP
nytimes,Sun Sep 30 05:25:47 +0000 2018,0.4939,0.264,0.64,0.096,12,"In a real estate market tinged with uncertainty, renting feels like a safer bet to a number of people who could wel‚Ä¶ https://t.co/Tn26FyuilQ"
nytimes,Sun Sep 30 05:08:42 +0000 2018,0.0,0.0,1.0,0.0,13,"10 of the most-asked wedding-etiquette questions, answered https://t.co/ptS2HwMJ4R"
nytimes,Sun Sep 30 04:51:22 +0000 2018,-0.6486,0.0,0.83,0.17,14,Toxic chemicals are lingering in the blubber of killer whales ‚Äî and they may end up wiping out half the world‚Äôs pop‚Ä¶ https://t.co/sFUb77o0Hb
nytimes,Sun Sep 30 04:33:54 +0000 2018,-0.0516,0.0,0.948,0.052,15,"RT @NYTHealth: The E.P.A. on Tuesday put the head of its Office of Children's Health Protection on administrative leave, an unusual move af‚Ä¶"
nytimes,Sun Sep 30 04:17:52 +0000 2018,0.0,0.0,1.0,0.0,16,"The wild, ragged days of Governors Island are over, and development is coming https://t.co/5RYCRYzODg"
nytimes,Sun Sep 30 04:00:19 +0000 2018,0.0,0.0,1.0,0.0,17,"""Mind-blowing"" 3-D maps of ancient Maya structures revealed beneath the canopy of the Guatemalan jungle by laser te‚Ä¶ https://t.co/OyasGWqwJF"
nytimes,Sun Sep 30 03:41:12 +0000 2018,0.296,0.104,0.896,0.0,18,Robin Williams was an avid collector of art and memorabilia. A portion of his collection is coming up for sale. https://t.co/WC6pUczBla
nytimes,Sun Sep 30 03:23:16 +0000 2018,-0.2732,0.149,0.597,0.254,19,"On Baseball: For David Wright, the Mets‚Äô No. 5, a Sweet End to a Painful Journey https://t.co/w378Zv2XdY"
nytimes,Sun Sep 30 03:17:15 +0000 2018,0.0,0.0,1.0,0.0,20,"""When you are a new mother, there are two things you will be asked about constantly, your baby and your boobs ‚Äî spe‚Ä¶ https://t.co/jrygJNih1p"
nytimes,Sun Sep 30 08:17:26 +0000 2018,-0.296,0.0,0.761,0.239,21,No expensive equipment or fancy ingredients necessary https://t.co/R6IM2ySjhY
nytimes,Sun Sep 30 08:00:33 +0000 2018,0.6597,0.221,0.779,0.0,22,36 Hours in Montreal: This cosmopolitan city gives you the chance to tour streets filled with vibrant street art an‚Ä¶ https://t.co/alNBe3RN7B
nytimes,Sun Sep 30 07:44:25 +0000 2018,0.128,0.2,0.8,0.0,23,This artist's work challenges the idea that ceramics are necessarily delicate¬†https://t.co/BEbo9fDV7o
nytimes,Sun Sep 30 07:26:56 +0000 2018,0.4404,0.153,0.847,0.0,24,"""As Americans cram into ever-tighter urban living arrangements, a question has emerged: Isn‚Äôt there some better way‚Ä¶ https://t.co/cr6l1bfjAp"
nytimes,Sun Sep 30 07:09:29 +0000 2018,0.0,0.0,1.0,0.0,25,Colleges kept beer out of football stadiums for years. Now some of them are working to sell booze to fans so they d‚Ä¶ https://t.co/vaFslNZ1r3
nytimes,Sun Sep 30 06:53:20 +0000 2018,0.4215,0.149,0.851,0.0,26,The NFL is trying to make football safer. So why are its players wearing less padding? https://t.co/OLO9K5f7cl
nytimes,Sun Sep 30 06:37:09 +0000 2018,-0.5216,0.0,0.598,0.402,27,You were never second best https://t.co/ATplcP59kS
nytimes,Sun Sep 30 06:19:44 +0000 2018,0.0,0.0,1.0,0.0,28,letters: The Feminists and the Frat House https://t.co/4kORCydyIS
nytimes,Sun Sep 30 06:15:30 +0000 2018,0.0,0.0,1.0,0.0,29,"Kurt Vile's music is personal ‚Äî the ‚ÄúI‚Äù in his songs, he says, is almost always himself ‚Äî but not revealing https://t.co/MfHpIvkOuQ"
nytimes,Sun Sep 30 05:59:02 +0000 2018,-0.4939,0.0,0.819,0.181,30,"""As my summer of pop-ups dragged on, I began to dread my evenings. What began as a kicky story idea became a masoch‚Ä¶ https://t.co/87M6VIqdgQ"
nytimes,Sun Sep 30 05:42:23 +0000 2018,-0.3612,0.0,0.762,0.238,31,Are we born to be physically lazy? Probably. https://t.co/H22vGWszgP
nytimes,Sun Sep 30 05:25:47 +0000 2018,0.4939,0.264,0.64,0.096,32,"In a real estate market tinged with uncertainty, renting feels like a safer bet to a number of people who could wel‚Ä¶ https://t.co/Tn26FyuilQ"
nytimes,Sun Sep 30 05:08:42 +0000 2018,0.0,0.0,1.0,0.0,33,"10 of the most-asked wedding-etiquette questions, answered https://t.co/ptS2HwMJ4R"
nytimes,Sun Sep 30 04:51:22 +0000 2018,-0.6486,0.0,0.83,0.17,34,Toxic chemicals are lingering in the blubber of killer whales ‚Äî and they may end up wiping out half the world‚Äôs pop‚Ä¶ https://t.co/sFUb77o0Hb
nytimes,Sun Sep 30 04:33:54 +0000 2018,-0.0516,0.0,0.948,0.052,35,"RT @NYTHealth: The E.P.A. on Tuesday put the head of its Office of Children's Health Protection on administrative leave, an unusual move af‚Ä¶"
nytimes,Sun Sep 30 04:17:52 +0000 2018,0.0,0.0,1.0,0.0,36,"The wild, ragged days of Governors Island are over, and development is coming https://t.co/5RYCRYzODg"
nytimes,Sun Sep 30 04:00:19 +0000 2018,0.0,0.0,1.0,0.0,37,"""Mind-blowing"" 3-D maps of ancient Maya structures revealed beneath the canopy of the Guatemalan jungle by laser te‚Ä¶ https://t.co/OyasGWqwJF"
nytimes,Sun Sep 30 03:41:12 +0000 2018,0.296,0.104,0.896,0.0,38,Robin Williams was an avid collector of art and memorabilia. A portion of his collection is coming up for sale. https://t.co/WC6pUczBla
nytimes,Sun Sep 30 03:23:16 +0000 2018,-0.2732,0.149,0.597,0.254,39,"On Baseball: For David Wright, the Mets‚Äô No. 5, a Sweet End to a Painful Journey https://t.co/w378Zv2XdY"
nytimes,Sun Sep 30 03:17:15 +0000 2018,0.0,0.0,1.0,0.0,40,"""When you are a new mother, there are two things you will be asked about constantly, your baby and your boobs ‚Äî spe‚Ä¶ https://t.co/jrygJNih1p"
nytimes,Sun Sep 30 02:59:40 +0000 2018,-0.296,0.0,0.885,0.115,41,"Review: ""Black '47"" is a film about revenge, but studded with harrowing historical details about the Irish famine. https://t.co/rQB3NR1nQS"
nytimes,Sun Sep 30 02:42:38 +0000 2018,0.4168,0.165,0.835,0.0,42,Iranian Official Says Oil Deal With Europeans Is Close Despite Threat of U.S. Sanctions https://t.co/ufK1Eqo9vS
nytimes,Sun Sep 30 02:26:32 +0000 2018,-0.7964,0.0,0.728,0.272,43,"RT @nytpolitics: With his fury and righteous indignation, Judge Kavanaugh becomes an avatar for Americans who saw Trump's election as vindi‚Ä¶"
nytimes,Sun Sep 30 02:08:44 +0000 2018,0.4019,0.144,0.856,0.0,44,"Whether you‚Äôre after a night in with your special someone or your sweatpants, this is your pasta https://t.co/ObQaJspGsr"
nytimes,Sun Sep 30 01:52:41 +0000 2018,0.765,0.338,0.577,0.085,45,Having all the right cholesterol numbers and staying active is no guarantee your heart is in great shape https://t.co/w4a83p177s
nytimes,Sun Sep 30 01:35:03 +0000 2018,0.6486,0.218,0.782,0.0,46,RT @nytimesmusic: Pill testing has also become more common over the past few years at festivals in the United States https://t.co/iMINACZEKm
nytimes,Sun Sep 30 01:25:08 +0000 2018,-0.4767,0.149,0.512,0.34,47,"Panic in Central Park: Noise at Global Citizen Festival Was Fallen Barrier, Not Gunshots https://t.co/RWqLi2fLMC"
nytimes,Sun Sep 30 01:19:38 +0000 2018,0.7579,0.254,0.746,0.0,48,"""I feel like it was a message being sent: 'Don‚Äôt be like Tara or you will end up like Tara,'"" one woman said of the‚Ä¶ https://t.co/X6ADa3Jsjq"
nytimes,Sun Sep 30 01:03:22 +0000 2018,0.4215,0.257,0.743,0.0,49,"U.S. Weighed Penalizing El Salvador Over Support for China, Then Backed Off https://t.co/TkBOYa8uPO"
nytimes,Sun Sep 30 01:02:39 +0000 2018,0.3919,0.135,0.865,0.0,50,"Christine Blasey Ford's composed, but wrenching, testimony was ""a stark reminder of the gender dynamics, and mental‚Ä¶ https://t.co/JcSJ1sduYP"
nytimes,Sun Sep 30 00:45:18 +0000 2018,0.3818,0.14,0.86,0.0,51,Here are 3 things an FBI investigation into Christine Blasey Ford's allegations against Kavanaugh could clear up. https://t.co/kzlrRZksSG
nytimes,Sun Sep 30 00:26:54 +0000 2018,0.5267,0.236,0.764,0.0,52,"Japan‚Äôs Mothers Go Back to Work, but Find the Opportunities Lacking https://t.co/N6tX0JO4vJ"
nytimes,Sun Sep 30 00:23:20 +0000 2018,-0.3818,0.0,0.794,0.206,53,"On Crowded London Streets, Councils Fight a Flood of Phone Boxes https://t.co/NYg9Yxk2Vz"
nytimes,Sun Sep 30 00:21:31 +0000 2018,0.25,0.111,0.889,0.0,54,"In the Connecticut wilderness, a Portuguese hotel designer has created an unexpected respite that retains the magic‚Ä¶ https://t.co/7O77L21MyG"
nytimes,Sun Sep 30 00:05:00 +0000 2018,-0.1027,0.0,0.909,0.091,55,Warren Says She Will Take ‚ÄòA Hard Look‚Äô at Running for President in 2020 https://t.co/L34wqV5e2M
nytimes,Sat Sep 29 23:54:36 +0000 2018,-0.1027,0.0,0.935,0.065,56,Senator Elizabeth Warren says she would ‚Äútake a hard look‚Äù at running for president in 2020 and called on the natio‚Ä¶ https://t.co/OTvefIubRm
nytimes,Sat Sep 29 23:40:06 +0000 2018,0.5106,0.268,0.732,0.0,57,Roast a chicken and you know you have a comfortable meal https://t.co/fCEZkKuow9
nytimes,Sat Sep 29 23:22:24 +0000 2018,0.0,0.0,1.0,0.0,58,"Yankees 8, Red Sox 5: Yankees Send One Over the Fence and Into the Record Book https://t.co/Nw6IAy9L6h"
nytimes,Sat Sep 29 23:15:07 +0000 2018,-0.743,0.0,0.741,0.259,59,"With all of its emotion and anger, the fight over Brett Kavanaugh‚Äôs nomination shows the power ‚Äî and limitations ‚Äî‚Ä¶ https://t.co/noh4jNNSNi"
nytimes,Sat Sep 29 23:11:23 +0000 2018,0.6369,0.512,0.488,0.0,60,Why I Love Reality Television https://t.co/AGqWcEkMpq
nytimes,Sat Sep 29 23:00:05 +0000 2018,0.0,0.0,1.0,0.0,61,"The ancient roads, pyramids and houses revealed by laser mapping are forcing researchers to reevaluate what they th‚Ä¶ https://t.co/baWBR8vmel"
nytimes,Sat Sep 29 22:59:43 +0000 2018,0.0,0.0,1.0,0.0,62,"In KFC‚Äôs China Ads, Nuggets Are Served With Patriotism https://t.co/6NkG3Ummnl"
nytimes,Sat Sep 29 22:52:39 +0000 2018,-0.8225,0.0,0.677,0.323,63,RT @nytopinion: The battle between the competing moralisms behind the Kavanaugh hearings risks becoming an all-out war between the sexes ‚Äî‚Ä¶
nytimes,Sat Sep 29 22:40:08 +0000 2018,0.8625,0.381,0.548,0.071,64,"RT @nytimesworld: ‚ÄúWithout any trust in the United States, there will be no confidence in our national security, and under such circumstanc‚Ä¶"
nytimes,Sat Sep 29 22:26:18 +0000 2018,0.6369,0.198,0.802,0.0,65,"The single best use of boneless, skinless chicken breasts? Make chicken francese, an Italian-American staple with l‚Ä¶ https://t.co/RlGsumk7mI"
nytimes,Sat Sep 29 22:10:07 +0000 2018,0.0,0.0,1.0,0.0,66,"As others fled amid a 7.5 magnitude earthquake, the last act of an air traffic controller in Palu, Indonesia was to‚Ä¶ https://t.co/krLnJkGH9P"
nytimes,Sat Sep 29 21:58:37 +0000 2018,0.1027,0.078,0.862,0.06,67,Breaking News: Elon Musk will step down as Tesla's chairman for 3 years and pay a $20 million fine in an S.E.C. set‚Ä¶ https://t.co/BqwBhxl4xT
nytimes,Sat Sep 29 21:44:42 +0000 2018,0.0,0.0,1.0,0.0,68,RT @NYTScience: Their dad went to the moon and back. He wanted to know if they mowed the lawn. https://t.co/CFi9Hyye3a
nytimes,Sat Sep 29 21:30:12 +0000 2018,0.0,0.0,1.0,0.0,69,"Train stations, some remade and others crumbling, reflect the trajectories of their towns and cities. See what we f‚Ä¶ https://t.co/icEIVfkdLi"
nytimes,Sat Sep 29 21:15:06 +0000 2018,-0.2732,0.0,0.89,0.11,70,"In Opinion

Op-Ed contributor Rebecca Traister writes, ""This political moment has provoked a period in which more a‚Ä¶ https://t.co/2bLeiEnY5c"
nytimes,Sat Sep 29 21:00:09 +0000 2018,0.0,0.0,1.0,0.0,71,The clock has begun ticking on the one-week FBI investigation into sexual misconduct allegations made against Brett‚Ä¶ https://t.co/2iTIWCs99o
nytimes,Sat Sep 29 20:45:01 +0000 2018,0.0,0.0,1.0,0.0,72,A 2016 law in France penalized paying for sex instead of selling it. But some prostitutes say that law puts them in‚Ä¶ https://t.co/Cr8QXhubCD
nytimes,Sat Sep 29 20:31:08 +0000 2018,-0.6159,0.0,0.799,0.201,73,"After 45 years, more than 1,000 fights and some of the most lucrative and controversial matches of all time, HBO is‚Ä¶ https://t.co/4mMsRAGgP2"
nytimes,Sat Sep 29 20:15:06 +0000 2018,-0.3612,0.0,0.889,0.111,74,"""Rarely has the reputation of a leader fallen so far, so fast."" Aung San Suu Kyi: Nobel laureate, democracy icon an‚Ä¶ https://t.co/mZsqBBfYGG"
nytimes,Sat Sep 29 20:02:02 +0000 2018,0.128,0.23,0.595,0.175,75,Golf Digest and college students helped free a man wrongly convicted of murder. Here's the week in good news. https://t.co/yzDgXavDaQ
nytimes,Sat Sep 29 20:00:03 +0000 2018,0.0,0.0,1.0,0.0,76,"A Sloan Kettering executive will give up his $1.4 million stake in a biotech start-up, as the hospital re-examines‚Ä¶ https://t.co/0yV9ZY68y7"
nytimes,Sat Sep 29 19:45:07 +0000 2018,-0.1027,0.0,0.928,0.072,77,Text messages that were supposed to warn Indonesians of a possible tsunami were foiled when cellphone towers were d‚Ä¶ https://t.co/A3nTUxRGuF
nytimes,Sat Sep 29 19:30:05 +0000 2018,0.8271,0.367,0.633,0.0,78,"He was always smiling, always laughing and running, like the average 4-year-old,‚Äù a neighbor said. ‚ÄúThat‚Äôs why this‚Ä¶ https://t.co/cZNILgbREW"
nytimes,Sat Sep 29 19:17:11 +0000 2018,0.0,0.0,1.0,0.0,79,"In Opinion
Op-Ed contributor Sarah Hepola writes, ""I cannot know whether Judge Kavanaugh experienced a blackout. Bu‚Ä¶ https://t.co/WYAFRRh0Mq"
nytimes,Sat Sep 29 19:00:14 +0000 2018,0.0,0.0,1.0,0.0,80,"Did you stay up to date this week? Find out with this week's news quiz.
https://t.co/RrFhnBzf7H"
nytimes,Sat Sep 29 18:55:04 +0000 2018,0.0,0.0,1.0,0.0,81,"The booming housing market is slowing down. Years of breakneck price increases have outpaced wages, and buyers have‚Ä¶ https://t.co/L4av1FXzA9"
nytimes,Sat Sep 29 18:40:01 +0000 2018,-0.4215,0.0,0.859,0.141,82,"With their indignant eruptions in the Senate, Brett Kavanaugh and Lindsey Graham took a page from President Trump's‚Ä¶ https://t.co/Y6GaKJHoMP"
nytimes,Sat Sep 29 18:25:05 +0000 2018,0.6908,0.245,0.705,0.05,83,RT @nytimesbusiness: The White House Council of Economic Advisers calculates that increasingly generous paid leave benefits mean that the a‚Ä¶
nytimes,Sat Sep 29 18:10:05 +0000 2018,0.0,0.0,1.0,0.0,84,"Organizers have announced a date for the 2019 Women's March, which will be held in Washington with sister demonstra‚Ä¶ https://t.co/6b1sZxT5RE"
nytimes,Sat Sep 29 17:55:03 +0000 2018,0.2617,0.141,0.767,0.091,85,The invisible recession: A major economic event in 2016 escaped much public notice. But its impact was huge. https://t.co/HkKRiSBiOw
nytimes,Sat Sep 29 17:43:26 +0000 2018,0.3612,0.116,0.884,0.0,86,"Our 52 Places Traveler visits the Italian Dolomites and finds mountains like a ""crowd of pious giants frozen in sto‚Ä¶ https://t.co/w9KvaH0hgw"
nytimes,Sat Sep 29 17:25:56 +0000 2018,0.0,0.0,1.0,0.0,87,Sign up to get the Race/Related newsletter by email https://t.co/j1V640Odl3
nytimes,Sat Sep 29 17:25:09 +0000 2018,0.0,0.0,1.0,0.0,88,"""Black women‚Äôs feminist contributions are very often erased,"" the novelist Tayari Jones observed. But their influen‚Ä¶ https://t.co/CG1Gty3FJw"
nytimes,Sat Sep 29 17:11:05 +0000 2018,0.0,0.0,1.0,0.0,89,"At this very moment, The Upshot and Siena College pollsters are making phone calls across America. You call follow‚Ä¶ https://t.co/FEh7w3EIsH"
nytimes,Sat Sep 29 16:55:01 +0000 2018,0.3919,0.135,0.865,0.0,90,"Christine Blasey Ford's composed, but wrenching, testimony was ""a stark reminder of the gender dynamics, and mental‚Ä¶ https://t.co/QRAo9fYkb6"
nytimes,Sat Sep 29 16:40:07 +0000 2018,-0.296,0.0,0.901,0.099,91,A sleepless night and pressure from all sides: Inside the 24 hours that led Senator Jeff Flake to call to investiga‚Ä¶ https://t.co/cnfYEQkQcE
nytimes,Sat Sep 29 16:20:03 +0000 2018,-0.2612,0.08,0.765,0.155,92,"RT @nytopinion: I never felt compelled to share my story before, because it is so common, because so many women have been through worse. Bu‚Ä¶"
nytimes,Sat Sep 29 16:05:08 +0000 2018,0.0,0.0,1.0,0.0,93,"Marty Balin, the founder, lead singer and songwriter for Jefferson Airplane and key member of Jefferson Starship, d‚Ä¶ https://t.co/Soyr6U4eID"
nytimes,Sat Sep 29 15:55:06 +0000 2018,-0.5267,0.0,0.805,0.195,94,"Brett Kavanaugh‚Äôs testimony raised questions about his neutrality and temperament, threatening the already fragile‚Ä¶ https://t.co/pyz4RGBCmF"
nytimes,Sat Sep 29 15:40:05 +0000 2018,0.7579,0.254,0.746,0.0,95,"""I feel like it was a message being sent: 'Don‚Äôt be like Tara or you will end up like Tara,'"" one woman said of the‚Ä¶ https://t.co/ZO6fAkjXHT"
nytimes,Sat Sep 29 15:25:05 +0000 2018,-0.296,0.0,0.885,0.115,96,The parents of this 6-year-old boy believed his speech difficulties were due to developmental delays. Then a dentis‚Ä¶ https://t.co/ag4Kk6ekJ5
nytimes,Sat Sep 29 15:12:04 +0000 2018,0.34,0.124,0.876,0.0,97,"In a unanimous vote, Canadian lawmakers move to strip Daw Aung San Suu Kyi of her honorary citizenship https://t.co/KBI7JlUI2h"
nytimes,Sat Sep 29 14:55:06 +0000 2018,-0.5719,0.0,0.802,0.198,98,"Christine Blasey Ford‚Äôs searing testimony before the Senate Judiciary Committee, and Brett Kavanaugh‚Äôs furious resp‚Ä¶ https://t.co/UjbN3YWdSi"
nytimes,Sat Sep 29 14:41:54 +0000 2018,-0.9042,0.0,0.663,0.337,99,"RT @NYTScience: ‚ÄúIf you are too upset, you are crazy. If you are not upset enough, people don‚Äôt believe you were raped. So you have to be j‚Ä¶"
nytimes,Sat Sep 29 14:25:05 +0000 2018,0.5859,0.22,0.78,0.0,100,"""They played football, they joined a fraternity, they drank and partied, and it's just part of Americana: That's ho‚Ä¶ https://t.co/EG27RVgRnK"
